Date,Order ID,Customer ID,Product Category,Customer Segment,Sales Amount,Quantity Sold,Discount Applied,Marketing Channel
2023-10-08 19:10:13.648263,ORD000000,CUST00000,Electronics,Returning Customer,354.94,4,0.29,Social Media
2024-02-19 19:10:13.648263,ORD000001,CUST00001,Books,VIP Customer,68.5,1,0.05,Direct
2023-10-13 19:10:13.648263,ORD000002,CUST00002,Books,Returning Customer,401.7,1,0.25,Referral
2024-04-03 19:10:13.648263,ORD000003,CUST00003,Books,New Customer,138.4,4,0.06,Social Media
2024-06-24 19:10:13.648263,ORD000004,CUST00004,Home & Kitchen,Returning Customer,122.54,4,0.21,Email
2024-07-19 19:10:13.648263,ORD000005,CUST00005,Clothing,VIP Customer,58.0,1,0.09,Direct
2024-06-04 19:10:13.648263,ORD000006,CUST00006,Books,Returning Customer,208.18,2,0.13,Referral
2024-04-19 19:10:13.648263,ORD000007,CUST00007,Toys,VIP Customer,50.54,2,0.11,Email
2024-03-04 19:10:13.648263,ORD000008,CUST00008,Sports,New Customer,392.06,3,0.15,Email
2024-01-09 19:10:13.648263,ORD000009,CUST00009,Electronics,New Customer,111.05,3,0.19,Referral
2023-09-11 19:10:13.648263,ORD000010,CUST00010,Electronics,VIP Customer,211.15,1,0.24,Social Media
2024-03-07 19:10:13.648263,ORD000011,CUST00011,Books,Returning Customer,299.45,3,0.24,Social Media
2023-11-18 19:10:13.648263,ORD000012,CUST00012,Electronics,VIP Customer,21.88,1,0.14,Social Media
2024-06-14 19:10:13.648263,ORD000013,CUST00013,Sports,VIP Customer,264.99,2,0.1,Direct
2024-06-10 19:10:13.648263,ORD000014,CUST00014,Toys,VIP Customer,154.65,4,0.23,Direct
2024-01-13 19:10:13.648263,ORD000015,CUST00015,Sports,New Customer,322.82,1,0.25,Direct
2024-03-29 19:10:13.648263,ORD000016,CUST00016,Home & Kitchen,VIP Customer,218.16,4,0.23,Social Media
2024-05-23 19:10:13.648263,ORD000017,CUST00017,Home & Kitchen,VIP Customer,92.69,3,0.1,Social Media
2024-05-30 19:10:13.648263,ORD000018,CUST00018,Books,New Customer,52.86,2,0.01,Social Media
2024-05-07 19:10:13.648263,ORD000019,CUST00019,Books,Returning Customer,31.71,3,0.14,Social Media
2023-10-01 19:10:13.648263,ORD000020,CUST00020,Electronics,VIP Customer,55.97,4,0.16,Social Media
2023-10-14 19:10:13.648263,ORD000021,CUST00021,Clothing,New Customer,383.1,2,0.13,Referral
2024-02-17 19:10:13.648263,ORD000022,CUST00022,Clothing,Returning Customer,242.39,2,0.07,Social Media
2023-11-19 19:10:13.648263,ORD000023,CUST00023,Toys,Returning Customer,48.55,3,0.15,Referral
2024-07-05 19:10:13.648263,ORD000024,CUST00024,Clothing,Returning Customer,265.05,1,0.2,Referral
2023-12-08 19:10:13.648263,ORD000025,CUST00025,Books,Returning Customer,147.48,4,0.04,Email
2024-07-12 19:10:13.648263,ORD000026,CUST00026,Clothing,VIP Customer,122.5,2,0.2,Email
2024-01-23 19:10:13.648263,ORD000027,CUST00027,Electronics,New Customer,26.88,2,0.1,Direct
2023-11-03 19:10:13.648263,ORD000028,CUST00028,Toys,New Customer,434.33,3,0.16,Email
2024-05-11 19:10:13.648263,ORD000029,CUST00029,Home & Kitchen,New Customer,328.04,1,0.15,Direct
2024-06-10 19:10:13.648263,ORD000030,CUST00030,Toys,New Customer,25.46,2,0.08,Referral
2024-03-24 19:10:13.648263,ORD000031,CUST00031,Books,VIP Customer,401.48,3,0.26,Email
2023-10-09 19:10:13.648263,ORD000032,CUST00032,Electronics,Returning Customer,468.87,4,0.18,Email
2023-08-29 19:10:13.648263,ORD000033,CUST00033,Clothing,VIP Customer,471.9,1,0.08,Social Media
2024-04-21 19:10:13.648263,ORD000034,CUST00034,Clothing,Returning Customer,283.33,3,0.23,Direct
2024-05-04 19:10:13.648263,ORD000035,CUST00035,Home & Kitchen,Returning Customer,468.24,4,0.29,Referral
2023-12-20 19:10:13.648263,ORD000036,CUST00036,Toys,Returning Customer,27.03,3,0.01,Social Media
2024-01-06 19:10:13.648263,ORD000037,CUST00037,Sports,VIP Customer,379.68,2,0.16,Referral
2023-10-22 19:10:13.648263,ORD000038,CUST00038,Toys,New Customer,345.45,1,0.11,Direct
2024-04-20 19:10:13.648263,ORD000039,CUST00039,Books,Returning Customer,46.2,3,0.03,Social Media
2023-11-27 19:10:13.648263,ORD000040,CUST00040,Home & Kitchen,New Customer,412.23,4,0.1,Email
2024-07-04 19:10:13.648263,ORD000041,CUST00041,Books,VIP Customer,236.6,1,0.04,Direct
2024-01-28 19:10:13.648263,ORD000042,CUST00042,Sports,VIP Customer,332.67,2,0.17,Email
2024-01-07 19:10:13.648263,ORD000043,CUST00043,Books,Returning Customer,213.66,2,0.04,Email
2023-12-05 19:10:13.648263,ORD000044,CUST00044,Home & Kitchen,New Customer,405.52,2,0.25,Social Media
2024-05-01 19:10:13.648263,ORD000045,CUST00045,Toys,Returning Customer,223.97,1,0.14,Referral
2024-05-28 19:10:13.648263,ORD000046,CUST00046,Home & Kitchen,VIP Customer,155.49,4,0.05,Social Media
2024-01-24 19:10:13.648263,ORD000047,CUST00047,Toys,VIP Customer,299.61,4,0.02,Social Media
2024-06-08 19:10:13.648263,ORD000048,CUST00048,Sports,Returning Customer,442.35,1,0.22,Referral
2024-02-19 19:10:13.648263,ORD000049,CUST00049,Clothing,VIP Customer,363.8,4,0.02,Email
2024-01-09 19:10:13.648263,ORD000050,CUST00050,Toys,Returning Customer,91.71,1,0.05,Direct
2024-03-16 19:10:13.648263,ORD000051,CUST00051,Clothing,VIP Customer,469.76,1,0.08,Email
2023-11-27 19:10:13.648263,ORD000052,CUST00052,Books,New Customer,308.77,3,0.28,Referral
2023-12-16 19:10:13.648263,ORD000053,CUST00053,Clothing,VIP Customer,197.32,4,0.23,Referral
2023-12-30 19:10:13.648263,ORD000054,CUST00054,Toys,New Customer,366.91,1,0.12,Email
2024-05-10 19:10:13.648263,ORD000055,CUST00055,Toys,VIP Customer,160.18,2,0.07,Referral
2024-05-21 19:10:13.648263,ORD000056,CUST00056,Sports,New Customer,298.7,4,0.16,Social Media
2024-07-04 19:10:13.648263,ORD000057,CUST00057,Home & Kitchen,New Customer,133.43,4,0.3,Email
2024-04-23 19:10:13.648263,ORD000058,CUST00058,Sports,New Customer,32.81,3,0.25,Social Media
2024-05-25 19:10:13.648263,ORD000059,CUST00059,Clothing,New Customer,377.14,4,0.1,Referral
2024-02-06 19:10:13.648263,ORD000060,CUST00060,Electronics,New Customer,317.44,1,0.05,Social Media
2024-05-08 19:10:13.648263,ORD000061,CUST00061,Sports,VIP Customer,36.29,4,0.09,Direct
2023-10-25 19:10:13.648263,ORD000062,CUST00062,Books,VIP Customer,276.97,2,0.16,Direct
2023-11-13 19:10:13.648263,ORD000063,CUST00063,Sports,New Customer,487.89,2,0.18,Referral
2024-01-20 19:10:13.648263,ORD000064,CUST00064,Books,VIP Customer,475.47,1,0.04,Referral
2023-12-28 19:10:13.648263,ORD000065,CUST00065,Home & Kitchen,VIP Customer,279.64,4,0.04,Social Media
2024-03-14 19:10:13.648263,ORD000066,CUST00066,Books,New Customer,172.65,4,0.06,Direct
2024-05-07 19:10:13.648263,ORD000067,CUST00067,Sports,New Customer,483.77,1,0.17,Direct
2024-05-10 19:10:13.648263,ORD000068,CUST00068,Toys,VIP Customer,323.05,1,0.04,Referral
2023-10-24 19:10:13.648263,ORD000069,CUST00069,Toys,Returning Customer,357.56,1,0.12,Direct
2024-08-13 19:10:13.648263,ORD000070,CUST00070,Clothing,New Customer,383.3,4,0.21,Social Media
2023-08-28 19:10:13.648263,ORD000071,CUST00071,Electronics,New Customer,113.24,1,0.04,Social Media
2023-09-29 19:10:13.648263,ORD000072,CUST00072,Home & Kitchen,New Customer,289.4,4,0.26,Social Media
2023-10-19 19:10:13.648263,ORD000073,CUST00073,Home & Kitchen,New Customer,287.64,1,0.18,Referral
2024-07-29 19:10:13.648263,ORD000074,CUST00074,Clothing,VIP Customer,256.93,3,0.05,Social Media
2024-02-01 19:10:13.648263,ORD000075,CUST00075,Home & Kitchen,VIP Customer,118.57,3,0.01,Referral
2023-09-19 19:10:13.648263,ORD000076,CUST00076,Sports,VIP Customer,363.59,4,0.22,Direct
2023-11-15 19:10:13.648263,ORD000077,CUST00077,Clothing,VIP Customer,413.94,3,0.25,Social Media
2023-09-25 19:10:13.648263,ORD000078,CUST00078,Clothing,New Customer,316.09,2,0.11,Email
2023-09-09 19:10:13.648263,ORD000079,CUST00079,Electronics,VIP Customer,469.88,3,0.19,Social Media
2024-01-14 19:10:13.648263,ORD000080,CUST00080,Toys,New Customer,84.53,3,0.09,Direct
2024-08-20 19:10:13.648263,ORD000081,CUST00081,Toys,Returning Customer,336.66,2,0.2,Referral
2024-04-07 19:10:13.648263,ORD000082,CUST00082,Sports,New Customer,214.17,1,0.28,Referral
2024-03-04 19:10:13.648263,ORD000083,CUST00083,Home & Kitchen,VIP Customer,170.89,3,0.21,Direct
2024-05-12 19:10:13.648263,ORD000084,CUST00084,Electronics,VIP Customer,69.24,3,0.13,Direct
2024-04-01 19:10:13.648263,ORD000085,CUST00085,Home & Kitchen,VIP Customer,198.68,4,0.25,Referral
2024-08-06 19:10:13.648263,ORD000086,CUST00086,Books,Returning Customer,314.79,2,0.04,Direct
2024-06-21 19:10:13.648263,ORD000087,CUST00087,Clothing,New Customer,173.11,2,0.19,Direct
2024-04-16 19:10:13.648263,ORD000088,CUST00088,Sports,Returning Customer,119.27,1,0.02,Referral
2024-02-03 19:10:13.648263,ORD000089,CUST00089,Toys,VIP Customer,298.6,4,0.14,Direct
2023-11-08 19:10:13.648263,ORD000090,CUST00090,Books,New Customer,38.26,2,0.01,Direct
2024-04-22 19:10:13.648263,ORD000091,CUST00091,Toys,Returning Customer,248.85,3,0.13,Email
2024-06-15 19:10:13.648263,ORD000092,CUST00092,Electronics,New Customer,312.54,4,0.24,Direct
2023-12-09 19:10:13.648263,ORD000093,CUST00093,Sports,Returning Customer,87.39,1,0.3,Email
2023-09-08 19:10:13.648263,ORD000094,CUST00094,Toys,New Customer,296.53,1,0.05,Direct
2024-04-01 19:10:13.648263,ORD000095,CUST00095,Sports,New Customer,100.46,3,0.15,Direct
2024-03-02 19:10:13.648263,ORD000096,CUST00096,Toys,New Customer,455.39,3,0.1,Email
2023-11-19 19:10:13.648263,ORD000097,CUST00097,Electronics,New Customer,371.54,3,0.18,Direct
2023-10-27 19:10:13.648263,ORD000098,CUST00098,Toys,VIP Customer,299.74,4,0.05,Email
2023-09-09 19:10:13.648263,ORD000099,CUST00099,Home & Kitchen,Returning Customer,344.4,2,0.22,Social Media
2023-11-22 19:10:13.648263,ORD000100,CUST00100,Toys,VIP Customer,340.96,4,0.04,Referral
2023-08-27 19:10:13.648263,ORD000101,CUST00101,Books,New Customer,138.29,1,0.19,Email
2023-10-23 19:10:13.648263,ORD000102,CUST00102,Electronics,New Customer,362.49,4,0.16,Referral
2024-08-24 19:10:13.648263,ORD000103,CUST00103,Sports,Returning Customer,217.21,3,0.14,Email
2024-06-06 19:10:13.648263,ORD000104,CUST00104,Toys,VIP Customer,172.71,4,0.27,Email
2024-01-02 19:10:13.648263,ORD000105,CUST00105,Books,Returning Customer,473.71,4,0.13,Referral
2024-01-18 19:10:13.648263,ORD000106,CUST00106,Electronics,Returning Customer,118.46,1,0.08,Email
2024-03-27 19:10:13.648263,ORD000107,CUST00107,Home & Kitchen,Returning Customer,135.04,2,0.14,Direct
2024-03-02 19:10:13.648263,ORD000108,CUST00108,Electronics,VIP Customer,324.76,3,0.17,Referral
2024-05-21 19:10:13.648263,ORD000109,CUST00109,Books,New Customer,119.48,2,0.14,Social Media
2023-09-21 19:10:13.648263,ORD000110,CUST00110,Books,Returning Customer,213.63,3,0.17,Referral
2023-09-28 19:10:13.648263,ORD000111,CUST00111,Clothing,Returning Customer,499.06,3,0.07,Direct
2023-12-08 19:10:13.648263,ORD000112,CUST00112,Books,New Customer,362.37,4,0.09,Social Media
2024-06-24 19:10:13.648263,ORD000113,CUST00113,Clothing,New Customer,380.6,4,0.24,Email
2024-07-25 19:10:13.648263,ORD000114,CUST00114,Sports,New Customer,194.6,1,0.05,Referral
2024-01-01 19:10:13.648263,ORD000115,CUST00115,Clothing,VIP Customer,492.49,3,0.25,Email
2024-08-12 19:10:13.648263,ORD000116,CUST00116,Clothing,New Customer,325.2,4,0.1,Social Media
2023-12-05 19:10:13.648263,ORD000117,CUST00117,Clothing,New Customer,135.71,2,0.28,Social Media
2024-04-04 19:10:13.648263,ORD000118,CUST00118,Clothing,New Customer,477.79,2,0.17,Referral
2023-11-06 19:10:13.648263,ORD000119,CUST00119,Home & Kitchen,VIP Customer,129.36,3,0.06,Social Media
2024-07-31 19:10:13.648263,ORD000120,CUST00120,Electronics,VIP Customer,359.03,2,0.19,Social Media
2024-03-23 19:10:13.648263,ORD000121,CUST00121,Electronics,Returning Customer,389.59,2,0.1,Email
2023-11-30 19:10:13.648263,ORD000122,CUST00122,Clothing,New Customer,68.11,4,0.27,Email
2024-01-22 19:10:13.648263,ORD000123,CUST00123,Electronics,New Customer,245.38,3,0.12,Email
2023-10-04 19:10:13.648263,ORD000124,CUST00124,Books,New Customer,461.52,4,0.16,Email
2023-09-22 19:10:13.648263,ORD000125,CUST00125,Books,New Customer,38.41,2,0.17,Social Media
2023-12-12 19:10:13.648263,ORD000126,CUST00126,Clothing,Returning Customer,66.43,3,0.24,Email
2024-08-06 19:10:13.648263,ORD000127,CUST00127,Home & Kitchen,New Customer,158.56,3,0.19,Social Media
2024-06-15 19:10:13.648263,ORD000128,CUST00128,Clothing,VIP Customer,451.23,2,0.2,Social Media
2024-08-10 19:10:13.648263,ORD000129,CUST00129,Electronics,Returning Customer,464.54,4,0.25,Email
2024-07-11 19:10:13.648263,ORD000130,CUST00130,Toys,Returning Customer,267.48,2,0.04,Direct
2024-06-18 19:10:13.648263,ORD000131,CUST00131,Clothing,New Customer,338.65,3,0.16,Social Media
2024-03-23 19:10:13.648263,ORD000132,CUST00132,Clothing,VIP Customer,110.47,4,0.3,Email
2024-05-06 19:10:13.648263,ORD000133,CUST00133,Electronics,New Customer,180.77,4,0.11,Email
2024-08-13 19:10:13.648263,ORD000134,CUST00134,Books,New Customer,350.46,4,0.2,Social Media
2024-03-19 19:10:13.648263,ORD000135,CUST00135,Home & Kitchen,VIP Customer,160.97,1,0.07,Social Media
2024-06-03 19:10:13.648263,ORD000136,CUST00136,Home & Kitchen,Returning Customer,176.7,1,0.08,Social Media
2024-05-29 19:10:13.648263,ORD000137,CUST00137,Electronics,VIP Customer,45.56,2,0.14,Social Media
2024-08-11 19:10:13.648263,ORD000138,CUST00138,Home & Kitchen,New Customer,432.8,2,0.23,Social Media
2024-02-10 19:10:13.648263,ORD000139,CUST00139,Toys,VIP Customer,103.56,4,0.15,Referral
2024-02-11 19:10:13.648263,ORD000140,CUST00140,Electronics,Returning Customer,338.17,3,0.21,Email
2024-03-28 19:10:13.648263,ORD000141,CUST00141,Electronics,New Customer,117.92,1,0.09,Email
2023-09-05 19:10:13.648263,ORD000142,CUST00142,Home & Kitchen,Returning Customer,184.53,1,0.21,Referral
2023-10-08 19:10:13.648263,ORD000143,CUST00143,Clothing,Returning Customer,177.82,3,0.07,Direct
2023-09-20 19:10:13.648263,ORD000144,CUST00144,Books,New Customer,109.29,3,0.24,Social Media
2024-04-14 19:10:13.648263,ORD000145,CUST00145,Books,New Customer,394.14,2,0.2,Referral
2024-08-23 19:10:13.648263,ORD000146,CUST00146,Sports,Returning Customer,201.7,3,0.27,Social Media
2024-04-30 19:10:13.648263,ORD000147,CUST00147,Toys,Returning Customer,296.63,4,0.14,Email
2023-11-18 19:10:13.648263,ORD000148,CUST00148,Books,New Customer,57.21,1,0.12,Email
2023-12-20 19:10:13.648263,ORD000149,CUST00149,Clothing,VIP Customer,415.19,2,0.26,Social Media
2024-08-09 19:10:13.648263,ORD000150,CUST00150,Toys,VIP Customer,67.48,4,0.29,Social Media
2024-03-02 19:10:13.648263,ORD000151,CUST00151,Toys,New Customer,437.75,3,0.04,Social Media
2023-08-30 19:10:13.648263,ORD000152,CUST00152,Toys,VIP Customer,233.63,2,0.03,Social Media
2024-06-25 19:10:13.648263,ORD000153,CUST00153,Books,Returning Customer,293.27,2,0.22,Email
2023-11-25 19:10:13.648263,ORD000154,CUST00154,Sports,Returning Customer,30.02,2,0.12,Referral
2023-09-29 19:10:13.648263,ORD000155,CUST00155,Toys,VIP Customer,200.64,2,0.0,Social Media
2024-04-28 19:10:13.648263,ORD000156,CUST00156,Home & Kitchen,New Customer,232.88,1,0.25,Referral
2024-06-21 19:10:13.648263,ORD000157,CUST00157,Electronics,VIP Customer,377.57,1,0.25,Direct
2023-09-23 19:10:13.648263,ORD000158,CUST00158,Toys,VIP Customer,434.14,1,0.07,Email
2024-07-31 19:10:13.648263,ORD000159,CUST00159,Sports,New Customer,171.42,4,0.29,Direct
2024-02-16 19:10:13.648263,ORD000160,CUST00160,Home & Kitchen,VIP Customer,78.65,2,0.0,Referral
2024-01-03 19:10:13.648263,ORD000161,CUST00161,Home & Kitchen,Returning Customer,174.2,4,0.28,Social Media
2024-07-18 19:10:13.648263,ORD000162,CUST00162,Toys,New Customer,411.67,1,0.03,Social Media
2023-12-03 19:10:13.648263,ORD000163,CUST00163,Toys,VIP Customer,486.7,3,0.23,Email
2024-08-06 19:10:13.648263,ORD000164,CUST00164,Home & Kitchen,Returning Customer,344.44,4,0.08,Direct
2024-05-02 19:10:13.648263,ORD000165,CUST00165,Clothing,Returning Customer,431.05,1,0.21,Email
2024-07-24 19:10:13.648263,ORD000166,CUST00166,Clothing,Returning Customer,413.95,4,0.11,Referral
2024-02-25 19:10:13.648263,ORD000167,CUST00167,Sports,Returning Customer,263.93,1,0.29,Social Media
2023-11-07 19:10:13.648263,ORD000168,CUST00168,Books,Returning Customer,132.46,4,0.13,Referral
2024-05-21 19:10:13.648263,ORD000169,CUST00169,Sports,Returning Customer,230.69,2,0.23,Referral
2024-07-10 19:10:13.648263,ORD000170,CUST00170,Home & Kitchen,New Customer,61.09,2,0.09,Direct
2023-11-10 19:10:13.648263,ORD000171,CUST00171,Toys,VIP Customer,50.51,3,0.02,Social Media
2023-11-09 19:10:13.648263,ORD000172,CUST00172,Books,New Customer,199.32,4,0.28,Referral
2023-11-26 19:10:13.648263,ORD000173,CUST00173,Toys,New Customer,437.09,2,0.12,Social Media
2024-04-08 19:10:13.648263,ORD000174,CUST00174,Sports,Returning Customer,206.14,1,0.24,Email
2023-10-22 19:10:13.648263,ORD000175,CUST00175,Home & Kitchen,Returning Customer,241.04,2,0.1,Social Media
2023-10-04 19:10:13.648263,ORD000176,CUST00176,Electronics,New Customer,430.81,3,0.29,Referral
2024-07-27 19:10:13.648263,ORD000177,CUST00177,Home & Kitchen,New Customer,207.87,1,0.29,Social Media
2024-04-29 19:10:13.648263,ORD000178,CUST00178,Home & Kitchen,New Customer,29.44,2,0.3,Referral
2024-04-25 19:10:13.648263,ORD000179,CUST00179,Home & Kitchen,New Customer,329.67,4,0.06,Email
2024-04-07 19:10:13.648263,ORD000180,CUST00180,Clothing,VIP Customer,411.46,3,0.06,Referral
2024-05-31 19:10:13.648263,ORD000181,CUST00181,Toys,VIP Customer,484.27,3,0.27,Social Media
2024-03-11 19:10:13.648263,ORD000182,CUST00182,Books,Returning Customer,37.28,4,0.24,Direct
2023-09-11 19:10:13.648263,ORD000183,CUST00183,Electronics,VIP Customer,371.86,2,0.25,Referral
2024-02-19 19:10:13.648263,ORD000184,CUST00184,Electronics,New Customer,495.12,4,0.03,Social Media
2024-04-09 19:10:13.648263,ORD000185,CUST00185,Toys,Returning Customer,339.44,1,0.18,Social Media
2024-02-22 19:10:13.648263,ORD000186,CUST00186,Toys,New Customer,148.18,4,0.27,Direct
2024-08-20 19:10:13.648263,ORD000187,CUST00187,Clothing,New Customer,255.58,3,0.12,Direct
2024-07-19 19:10:13.648263,ORD000188,CUST00188,Books,VIP Customer,482.55,2,0.05,Direct
2024-07-09 19:10:13.648263,ORD000189,CUST00189,Toys,VIP Customer,479.56,2,0.1,Email
2024-02-22 19:10:13.648263,ORD000190,CUST00190,Books,VIP Customer,444.67,3,0.07,Direct
2024-08-20 19:10:13.648263,ORD000191,CUST00191,Home & Kitchen,New Customer,143.59,1,0.03,Direct
2024-07-26 19:10:13.648263,ORD000192,CUST00192,Home & Kitchen,Returning Customer,479.38,4,0.03,Social Media
2023-12-07 19:10:13.648263,ORD000193,CUST00193,Books,Returning Customer,31.99,1,0.17,Social Media
2023-11-16 19:10:13.648263,ORD000194,CUST00194,Books,New Customer,349.13,4,0.29,Email
2024-03-24 19:10:13.648263,ORD000195,CUST00195,Sports,Returning Customer,414.59,4,0.15,Email
2023-09-15 19:10:13.648263,ORD000196,CUST00196,Home & Kitchen,VIP Customer,478.46,3,0.2,Direct
2024-06-13 19:10:13.648263,ORD000197,CUST00197,Home & Kitchen,Returning Customer,396.56,4,0.0,Social Media
2024-02-17 19:10:13.648263,ORD000198,CUST00198,Toys,VIP Customer,185.6,2,0.01,Social Media
2024-03-11 19:10:13.648263,ORD000199,CUST00199,Books,New Customer,488.26,1,0.3,Direct
2024-02-26 19:10:13.648263,ORD000200,CUST00000,Toys,Returning Customer,395.9,4,0.0,Referral
2024-01-17 19:10:13.648263,ORD000201,CUST00001,Home & Kitchen,VIP Customer,271.76,3,0.03,Social Media
2024-05-03 19:10:13.648263,ORD000202,CUST00002,Toys,Returning Customer,90.72,3,0.29,Direct
2023-10-29 19:10:13.648263,ORD000203,CUST00003,Books,New Customer,276.13,2,0.18,Social Media
2024-08-17 19:10:13.648263,ORD000204,CUST00004,Clothing,Returning Customer,452.19,1,0.27,Social Media
2024-05-07 19:10:13.648263,ORD000205,CUST00005,Books,Returning Customer,93.62,2,0.11,Referral
2024-02-10 19:10:13.648263,ORD000206,CUST00006,Electronics,New Customer,177.5,3,0.07,Social Media
2024-05-04 19:10:13.648263,ORD000207,CUST00007,Sports,Returning Customer,132.1,2,0.19,Email
2023-08-31 19:10:13.648263,ORD000208,CUST00008,Books,VIP Customer,216.64,2,0.22,Referral
2023-11-11 19:10:13.648263,ORD000209,CUST00009,Home & Kitchen,New Customer,276.61,2,0.12,Social Media
2024-03-26 19:10:13.648263,ORD000210,CUST00010,Books,VIP Customer,267.08,3,0.25,Social Media
2023-12-23 19:10:13.648263,ORD000211,CUST00011,Home & Kitchen,Returning Customer,366.48,1,0.18,Direct
2024-04-06 19:10:13.648263,ORD000212,CUST00012,Books,New Customer,161.02,3,0.05,Email
2023-11-29 19:10:13.648263,ORD000213,CUST00013,Toys,VIP Customer,54.31,4,0.28,Direct
2024-03-14 19:10:13.648263,ORD000214,CUST00014,Clothing,Returning Customer,240.24,4,0.18,Direct
2023-11-21 19:10:13.648263,ORD000215,CUST00015,Sports,New Customer,160.82,3,0.12,Email
2024-02-15 19:10:13.648263,ORD000216,CUST00016,Electronics,VIP Customer,70.87,4,0.24,Social Media
2024-04-06 19:10:13.648263,ORD000217,CUST00017,Electronics,Returning Customer,53.15,1,0.2,Referral
2024-01-07 19:10:13.648263,ORD000218,CUST00018,Toys,VIP Customer,386.71,1,0.28,Direct
2024-02-25 19:10:13.648263,ORD000219,CUST00019,Toys,Returning Customer,393.43,1,0.02,Social Media
2023-11-11 19:10:13.648263,ORD000220,CUST00020,Home & Kitchen,Returning Customer,483.25,2,0.09,Referral
2024-05-08 19:10:13.648263,ORD000221,CUST00021,Home & Kitchen,VIP Customer,280.7,1,0.08,Direct
2024-01-09 19:10:13.648263,ORD000222,CUST00022,Books,Returning Customer,48.12,4,0.1,Referral
2024-07-03 19:10:13.648263,ORD000223,CUST00023,Electronics,Returning Customer,82.8,3,0.04,Direct
2023-12-07 19:10:13.648263,ORD000224,CUST00024,Toys,Returning Customer,217.97,4,0.17,Referral
2023-10-31 19:10:13.648263,ORD000225,CUST00025,Sports,VIP Customer,306.46,1,0.08,Direct
2023-10-13 19:10:13.648263,ORD000226,CUST00026,Sports,Returning Customer,59.94,1,0.15,Email
2024-03-24 19:10:13.648263,ORD000227,CUST00027,Books,Returning Customer,251.39,2,0.24,Email
2023-11-18 19:10:13.648263,ORD000228,CUST00028,Electronics,VIP Customer,335.92,4,0.01,Referral
2023-10-02 19:10:13.648263,ORD000229,CUST00029,Electronics,New Customer,112.81,4,0.2,Direct
2023-12-03 19:10:13.648263,ORD000230,CUST00030,Electronics,New Customer,491.58,4,0.11,Direct
2023-11-21 19:10:13.648263,ORD000231,CUST00031,Books,New Customer,390.17,3,0.03,Social Media
2024-01-31 19:10:13.648263,ORD000232,CUST00032,Home & Kitchen,VIP Customer,473.79,1,0.2,Referral
2024-01-13 19:10:13.648263,ORD000233,CUST00033,Books,Returning Customer,459.14,1,0.09,Referral
2023-10-19 19:10:13.648263,ORD000234,CUST00034,Clothing,VIP Customer,373.28,3,0.12,Social Media
2024-08-11 19:10:13.648263,ORD000235,CUST00035,Toys,New Customer,496.69,4,0.19,Email
2023-10-20 19:10:13.648263,ORD000236,CUST00036,Clothing,VIP Customer,272.48,4,0.11,Referral
2024-06-16 19:10:13.648263,ORD000237,CUST00037,Books,Returning Customer,223.98,3,0.06,Direct
2023-10-30 19:10:13.648263,ORD000238,CUST00038,Sports,New Customer,28.75,4,0.12,Email
2024-02-25 19:10:13.648263,ORD000239,CUST00039,Clothing,Returning Customer,46.1,3,0.05,Social Media
2024-08-24 19:10:13.648263,ORD000240,CUST00040,Sports,Returning Customer,60.31,1,0.07,Referral
2024-07-02 19:10:13.648263,ORD000241,CUST00041,Home & Kitchen,Returning Customer,357.41,1,0.27,Social Media
2024-03-02 19:10:13.648263,ORD000242,CUST00042,Sports,Returning Customer,395.17,2,0.25,Email
2024-05-16 19:10:13.648263,ORD000243,CUST00043,Home & Kitchen,New Customer,405.35,2,0.04,Email
2024-06-08 19:10:13.648263,ORD000244,CUST00044,Electronics,Returning Customer,284.3,2,0.08,Social Media
2023-12-14 19:10:13.648263,ORD000245,CUST00045,Electronics,Returning Customer,202.35,3,0.15,Referral
2024-03-19 19:10:13.648263,ORD000246,CUST00046,Sports,VIP Customer,332.69,1,0.06,Social Media
2024-03-21 19:10:13.648263,ORD000247,CUST00047,Home & Kitchen,New Customer,462.43,4,0.05,Email
2024-01-19 19:10:13.648263,ORD000248,CUST00048,Electronics,New Customer,103.8,2,0.25,Direct
2024-05-05 19:10:13.648263,ORD000249,CUST00049,Clothing,Returning Customer,241.02,1,0.09,Social Media
2023-09-17 19:10:13.648263,ORD000250,CUST00050,Home & Kitchen,New Customer,409.12,2,0.13,Direct
2024-06-19 19:10:13.648263,ORD000251,CUST00051,Books,New Customer,292.13,4,0.21,Email
2024-02-16 19:10:13.648263,ORD000252,CUST00052,Electronics,Returning Customer,246.44,1,0.1,Social Media
2024-04-12 19:10:13.648263,ORD000253,CUST00053,Toys,VIP Customer,295.22,2,0.24,Social Media
2024-02-07 19:10:13.648263,ORD000254,CUST00054,Toys,Returning Customer,451.46,4,0.28,Social Media
2023-12-27 19:10:13.648263,ORD000255,CUST00055,Home & Kitchen,VIP Customer,95.19,3,0.1,Referral
2024-01-05 19:10:13.648263,ORD000256,CUST00056,Sports,New Customer,255.1,2,0.28,Direct
2024-03-18 19:10:13.648263,ORD000257,CUST00057,Sports,VIP Customer,109.18,2,0.16,Email
2024-08-01 19:10:13.648263,ORD000258,CUST00058,Clothing,Returning Customer,68.74,2,0.24,Email
2023-11-29 19:10:13.648263,ORD000259,CUST00059,Toys,VIP Customer,424.32,4,0.12,Referral
2023-09-03 19:10:13.648263,ORD000260,CUST00060,Home & Kitchen,Returning Customer,82.42,2,0.27,Social Media
2023-10-10 19:10:13.648263,ORD000261,CUST00061,Clothing,Returning Customer,347.52,4,0.29,Referral
2024-07-08 19:10:13.648263,ORD000262,CUST00062,Home & Kitchen,Returning Customer,339.35,4,0.22,Direct
2024-08-12 19:10:13.648263,ORD000263,CUST00063,Home & Kitchen,VIP Customer,339.46,2,0.05,Social Media
2023-11-07 19:10:13.648263,ORD000264,CUST00064,Books,New Customer,266.98,2,0.27,Direct
2024-03-24 19:10:13.648263,ORD000265,CUST00065,Books,VIP Customer,299.83,3,0.12,Direct
2024-04-19 19:10:13.648263,ORD000266,CUST00066,Home & Kitchen,Returning Customer,490.03,4,0.02,Direct
2023-10-29 19:10:13.648263,ORD000267,CUST00067,Clothing,Returning Customer,361.73,4,0.0,Direct
2024-06-06 19:10:13.648263,ORD000268,CUST00068,Home & Kitchen,VIP Customer,387.56,4,0.17,Direct
2024-01-03 19:10:13.648263,ORD000269,CUST00069,Sports,Returning Customer,247.78,1,0.29,Email
2024-04-28 19:10:13.648263,ORD000270,CUST00070,Sports,Returning Customer,455.62,2,0.21,Email
2024-02-20 19:10:13.648263,ORD000271,CUST00071,Electronics,Returning Customer,211.0,3,0.07,Email
2024-05-21 19:10:13.648263,ORD000272,CUST00072,Sports,Returning Customer,76.09,3,0.09,Social Media
2024-07-16 19:10:13.648263,ORD000273,CUST00073,Toys,Returning Customer,56.3,2,0.02,Direct
2024-01-13 19:10:13.648263,ORD000274,CUST00074,Electronics,VIP Customer,382.71,1,0.24,Email
2023-12-09 19:10:13.648263,ORD000275,CUST00075,Electronics,VIP Customer,83.21,1,0.12,Direct
2024-04-13 19:10:13.648263,ORD000276,CUST00076,Electronics,VIP Customer,22.5,1,0.03,Referral
2023-10-18 19:10:13.648263,ORD000277,CUST00077,Toys,Returning Customer,400.5,2,0.27,Email
2023-10-27 19:10:13.648263,ORD000278,CUST00078,Home & Kitchen,New Customer,115.76,3,0.16,Direct
2024-06-16 19:10:13.648263,ORD000279,CUST00079,Home & Kitchen,New Customer,186.24,2,0.15,Referral
2023-12-28 19:10:13.648263,ORD000280,CUST00080,Sports,VIP Customer,342.02,1,0.11,Direct
2024-04-13 19:10:13.648263,ORD000281,CUST00081,Electronics,Returning Customer,259.2,2,0.15,Direct
2024-03-22 19:10:13.648263,ORD000282,CUST00082,Books,New Customer,473.04,4,0.02,Social Media
2024-07-01 19:10:13.648263,ORD000283,CUST00083,Home & Kitchen,VIP Customer,40.21,4,0.1,Direct
2023-09-22 19:10:13.648263,ORD000284,CUST00084,Home & Kitchen,New Customer,212.93,2,0.11,Social Media
2023-10-25 19:10:13.648263,ORD000285,CUST00085,Toys,VIP Customer,463.91,1,0.06,Referral
2023-11-18 19:10:13.648263,ORD000286,CUST00086,Books,New Customer,427.28,4,0.22,Direct
2023-12-20 19:10:13.648263,ORD000287,CUST00087,Home & Kitchen,Returning Customer,236.69,3,0.07,Referral
2023-12-11 19:10:13.648263,ORD000288,CUST00088,Clothing,New Customer,50.89,4,0.01,Email
2023-12-02 19:10:13.648263,ORD000289,CUST00089,Books,VIP Customer,335.36,3,0.3,Referral
2024-04-18 19:10:13.648263,ORD000290,CUST00090,Books,Returning Customer,55.07,3,0.01,Social Media
2023-12-04 19:10:13.648263,ORD000291,CUST00091,Home & Kitchen,New Customer,325.92,4,0.06,Referral
2024-02-05 19:10:13.648263,ORD000292,CUST00092,Home & Kitchen,VIP Customer,122.81,4,0.04,Social Media
2024-07-06 19:10:13.648263,ORD000293,CUST00093,Clothing,Returning Customer,481.26,4,0.08,Direct
2024-01-06 19:10:13.648263,ORD000294,CUST00094,Books,New Customer,353.9,3,0.22,Social Media
2024-03-28 19:10:13.648263,ORD000295,CUST00095,Books,VIP Customer,367.15,3,0.0,Social Media
2024-08-13 19:10:13.648263,ORD000296,CUST00096,Sports,Returning Customer,442.89,3,0.26,Referral
2024-01-25 19:10:13.648263,ORD000297,CUST00097,Clothing,Returning Customer,229.1,4,0.06,Referral
2023-11-02 19:10:13.648263,ORD000298,CUST00098,Books,New Customer,379.82,3,0.26,Email
2023-09-04 19:10:13.648263,ORD000299,CUST00099,Home & Kitchen,Returning Customer,350.04,2,0.27,Social Media
2024-05-18 19:10:13.648263,ORD000300,CUST00100,Books,Returning Customer,336.15,4,0.12,Social Media
2024-04-24 19:10:13.648263,ORD000301,CUST00101,Home & Kitchen,Returning Customer,415.65,2,0.19,Social Media
2024-08-04 19:10:13.648263,ORD000302,CUST00102,Sports,VIP Customer,57.06,3,0.06,Email
2024-05-08 19:10:13.648263,ORD000303,CUST00103,Books,New Customer,114.21,4,0.21,Email
2023-09-25 19:10:13.648263,ORD000304,CUST00104,Toys,New Customer,236.25,3,0.17,Email
2023-10-26 19:10:13.648263,ORD000305,CUST00105,Electronics,VIP Customer,494.75,4,0.16,Direct
2023-10-03 19:10:13.648263,ORD000306,CUST00106,Home & Kitchen,VIP Customer,440.2,1,0.0,Email
2023-09-19 19:10:13.648263,ORD000307,CUST00107,Toys,Returning Customer,447.72,4,0.15,Direct
2024-07-12 19:10:13.648263,ORD000308,CUST00108,Electronics,New Customer,339.91,4,0.11,Referral
2024-03-14 19:10:13.648263,ORD000309,CUST00109,Toys,VIP Customer,371.07,3,0.11,Social Media
2023-09-05 19:10:13.648263,ORD000310,CUST00110,Sports,VIP Customer,431.07,1,0.2,Email
2024-01-18 19:10:13.648263,ORD000311,CUST00111,Sports,Returning Customer,284.94,3,0.05,Email
2024-06-01 19:10:13.648263,ORD000312,CUST00112,Toys,VIP Customer,402.69,3,0.09,Email
2023-09-26 19:10:13.648263,ORD000313,CUST00113,Home & Kitchen,Returning Customer,299.82,4,0.24,Social Media
2023-11-30 19:10:13.648263,ORD000314,CUST00114,Electronics,Returning Customer,365.93,4,0.17,Direct
2023-10-22 19:10:13.648263,ORD000315,CUST00115,Sports,VIP Customer,463.51,2,0.03,Email
2024-04-22 19:10:13.648263,ORD000316,CUST00116,Electronics,Returning Customer,477.98,1,0.01,Social Media
2024-07-15 19:10:13.648263,ORD000317,CUST00117,Home & Kitchen,Returning Customer,121.59,2,0.02,Referral
2023-12-17 19:10:13.648263,ORD000318,CUST00118,Toys,Returning Customer,255.15,2,0.18,Direct
2023-11-25 19:10:13.648263,ORD000319,CUST00119,Sports,Returning Customer,327.08,3,0.28,Direct
2023-12-08 19:10:13.648263,ORD000320,CUST00120,Electronics,Returning Customer,198.84,1,0.3,Social Media
2024-04-11 19:10:13.648263,ORD000321,CUST00121,Books,New Customer,203.71,4,0.2,Social Media
2023-10-13 19:10:13.648263,ORD000322,CUST00122,Toys,New Customer,285.52,1,0.08,Email
2024-06-28 19:10:13.648263,ORD000323,CUST00123,Clothing,VIP Customer,313.81,1,0.13,Email
2023-09-06 19:10:13.648263,ORD000324,CUST00124,Electronics,New Customer,473.68,2,0.25,Social Media
2024-04-25 19:10:13.648263,ORD000325,CUST00125,Home & Kitchen,Returning Customer,55.4,4,0.04,Email
2024-07-06 19:10:13.648263,ORD000326,CUST00126,Toys,New Customer,127.14,4,0.06,Social Media
2023-12-23 19:10:13.648263,ORD000327,CUST00127,Home & Kitchen,VIP Customer,269.92,4,0.19,Referral
2024-02-16 19:10:13.648263,ORD000328,CUST00128,Books,New Customer,262.64,3,0.24,Referral
2024-08-16 19:10:13.648263,ORD000329,CUST00129,Home & Kitchen,New Customer,127.92,2,0.05,Referral
2024-03-11 19:10:13.648263,ORD000330,CUST00130,Toys,Returning Customer,452.63,3,0.24,Direct
2023-12-04 19:10:13.648263,ORD000331,CUST00131,Home & Kitchen,VIP Customer,232.1,3,0.2,Referral
2024-02-05 19:10:13.648263,ORD000332,CUST00132,Sports,Returning Customer,105.18,1,0.11,Direct
2024-08-14 19:10:13.648263,ORD000333,CUST00133,Toys,New Customer,227.81,3,0.09,Direct
2024-05-07 19:10:13.648263,ORD000334,CUST00134,Clothing,Returning Customer,83.18,4,0.16,Email
2023-10-30 19:10:13.648263,ORD000335,CUST00135,Electronics,Returning Customer,142.4,1,0.04,Email
2024-04-01 19:10:13.648263,ORD000336,CUST00136,Sports,New Customer,354.2,4,0.19,Email
2024-04-13 19:10:13.648263,ORD000337,CUST00137,Toys,New Customer,131.13,2,0.02,Social Media
2024-04-15 19:10:13.648263,ORD000338,CUST00138,Toys,New Customer,131.27,3,0.08,Referral
2024-03-19 19:10:13.648263,ORD000339,CUST00139,Books,VIP Customer,279.53,2,0.06,Email
2024-03-05 19:10:13.648263,ORD000340,CUST00140,Electronics,Returning Customer,425.37,1,0.27,Email
2024-04-16 19:10:13.648263,ORD000341,CUST00141,Home & Kitchen,Returning Customer,419.23,2,0.01,Referral
2023-12-18 19:10:13.648263,ORD000342,CUST00142,Clothing,Returning Customer,441.93,1,0.3,Social Media
2023-12-31 19:10:13.648263,ORD000343,CUST00143,Electronics,Returning Customer,295.67,2,0.09,Social Media
2024-03-10 19:10:13.648263,ORD000344,CUST00144,Sports,New Customer,316.87,1,0.12,Direct
2024-06-15 19:10:13.648263,ORD000345,CUST00145,Toys,New Customer,372.18,3,0.13,Email
2024-02-04 19:10:13.648263,ORD000346,CUST00146,Books,New Customer,58.33,3,0.18,Direct
2024-01-07 19:10:13.648263,ORD000347,CUST00147,Clothing,New Customer,154.21,1,0.13,Direct
2023-11-29 19:10:13.648263,ORD000348,CUST00148,Electronics,VIP Customer,456.08,3,0.1,Social Media
2023-12-15 19:10:13.648263,ORD000349,CUST00149,Books,Returning Customer,197.39,2,0.21,Social Media
2023-08-27 19:10:13.648263,ORD000350,CUST00150,Sports,New Customer,352.23,1,0.17,Email
2024-06-19 19:10:13.648263,ORD000351,CUST00151,Clothing,VIP Customer,271.13,1,0.2,Referral
2024-07-01 19:10:13.648263,ORD000352,CUST00152,Electronics,VIP Customer,285.42,2,0.19,Email
2023-12-30 19:10:13.648263,ORD000353,CUST00153,Clothing,Returning Customer,242.93,4,0.23,Direct
2024-02-14 19:10:13.648263,ORD000354,CUST00154,Sports,New Customer,104.36,1,0.06,Direct
2023-08-30 19:10:13.648263,ORD000355,CUST00155,Electronics,VIP Customer,383.94,3,0.08,Email
2024-07-28 19:10:13.648263,ORD000356,CUST00156,Electronics,New Customer,481.1,4,0.2,Social Media
2024-08-06 19:10:13.648263,ORD000357,CUST00157,Clothing,Returning Customer,297.97,3,0.11,Referral
2024-02-17 19:10:13.648263,ORD000358,CUST00158,Books,VIP Customer,480.6,2,0.2,Referral
2023-08-30 19:10:13.648263,ORD000359,CUST00159,Electronics,VIP Customer,191.3,3,0.1,Direct
2024-01-31 19:10:13.648263,ORD000360,CUST00160,Home & Kitchen,Returning Customer,472.41,3,0.25,Social Media
2023-12-11 19:10:13.648263,ORD000361,CUST00161,Toys,Returning Customer,126.92,3,0.18,Referral
2023-11-19 19:10:13.648263,ORD000362,CUST00162,Clothing,Returning Customer,249.87,1,0.28,Referral
2023-08-29 19:10:13.648263,ORD000363,CUST00163,Toys,New Customer,180.44,2,0.1,Social Media
2024-01-10 19:10:13.648263,ORD000364,CUST00164,Home & Kitchen,VIP Customer,112.7,4,0.26,Social Media
2024-01-24 19:10:13.648263,ORD000365,CUST00165,Toys,VIP Customer,39.45,4,0.15,Email
2024-03-18 19:10:13.648263,ORD000366,CUST00166,Sports,New Customer,74.87,2,0.23,Email
2024-01-18 19:10:13.648263,ORD000367,CUST00167,Home & Kitchen,New Customer,60.6,1,0.2,Direct
2023-10-25 19:10:13.648263,ORD000368,CUST00168,Electronics,VIP Customer,459.77,2,0.17,Email
2024-05-22 19:10:13.648263,ORD000369,CUST00169,Electronics,VIP Customer,279.59,4,0.12,Referral
2024-01-16 19:10:13.648263,ORD000370,CUST00170,Sports,Returning Customer,314.71,1,0.12,Email
2024-01-12 19:10:13.648263,ORD000371,CUST00171,Electronics,VIP Customer,23.29,3,0.26,Direct
2023-11-30 19:10:13.648263,ORD000372,CUST00172,Home & Kitchen,VIP Customer,413.96,4,0.16,Direct
2024-01-28 19:10:13.648263,ORD000373,CUST00173,Sports,VIP Customer,353.11,3,0.02,Social Media
2023-11-22 19:10:13.648263,ORD000374,CUST00174,Toys,New Customer,426.87,4,0.18,Social Media
2024-06-01 19:10:13.648263,ORD000375,CUST00175,Clothing,VIP Customer,488.98,3,0.24,Direct
2024-07-24 19:10:13.648263,ORD000376,CUST00176,Home & Kitchen,New Customer,371.63,4,0.22,Social Media
2024-06-16 19:10:13.648263,ORD000377,CUST00177,Books,New Customer,322.92,1,0.05,Email
2024-05-02 19:10:13.648263,ORD000378,CUST00178,Clothing,VIP Customer,182.27,1,0.14,Referral
2023-12-08 19:10:13.648263,ORD000379,CUST00179,Toys,New Customer,111.25,4,0.06,Email
2024-05-24 19:10:13.648263,ORD000380,CUST00180,Home & Kitchen,Returning Customer,464.31,3,0.26,Social Media
2024-06-17 19:10:13.648263,ORD000381,CUST00181,Books,Returning Customer,345.92,2,0.19,Social Media
2024-01-24 19:10:13.648263,ORD000382,CUST00182,Toys,VIP Customer,129.4,2,0.2,Referral
2024-07-03 19:10:13.648263,ORD000383,CUST00183,Electronics,New Customer,173.85,1,0.27,Referral
2023-11-01 19:10:13.648263,ORD000384,CUST00184,Clothing,Returning Customer,133.48,4,0.05,Social Media
2023-12-10 19:10:13.648263,ORD000385,CUST00185,Home & Kitchen,New Customer,40.59,4,0.29,Referral
2024-04-15 19:10:13.648263,ORD000386,CUST00186,Clothing,New Customer,169.15,3,0.27,Referral
2024-04-08 19:10:13.648263,ORD000387,CUST00187,Toys,VIP Customer,25.9,4,0.09,Email
2023-12-04 19:10:13.648263,ORD000388,CUST00188,Toys,Returning Customer,42.07,4,0.14,Social Media
2024-04-10 19:10:13.648263,ORD000389,CUST00189,Books,New Customer,278.05,1,0.11,Social Media
2023-11-03 19:10:13.648263,ORD000390,CUST00190,Home & Kitchen,Returning Customer,236.62,1,0.26,Social Media
2023-09-03 19:10:13.648263,ORD000391,CUST00191,Toys,Returning Customer,146.68,4,0.11,Email
2023-09-14 19:10:13.648263,ORD000392,CUST00192,Home & Kitchen,Returning Customer,101.88,2,0.08,Direct
2024-03-09 19:10:13.648263,ORD000393,CUST00193,Electronics,VIP Customer,75.32,4,0.05,Direct
2023-11-02 19:10:13.648263,ORD000394,CUST00194,Sports,New Customer,464.61,3,0.2,Email
2023-10-03 19:10:13.648263,ORD000395,CUST00195,Electronics,Returning Customer,172.68,3,0.17,Direct
2023-12-03 19:10:13.648263,ORD000396,CUST00196,Sports,VIP Customer,173.0,3,0.19,Referral
2024-05-14 19:10:13.648263,ORD000397,CUST00197,Home & Kitchen,VIP Customer,426.26,2,0.08,Referral
2024-05-18 19:10:13.648263,ORD000398,CUST00198,Toys,VIP Customer,321.96,3,0.29,Social Media
2023-11-19 19:10:13.648263,ORD000399,CUST00199,Sports,VIP Customer,28.35,4,0.13,Email
2023-10-20 19:10:13.648263,ORD000400,CUST00000,Toys,Returning Customer,358.35,4,0.29,Email
2024-02-23 19:10:13.648263,ORD000401,CUST00001,Electronics,VIP Customer,155.55,3,0.05,Referral
2023-12-29 19:10:13.648263,ORD000402,CUST00002,Sports,VIP Customer,428.91,4,0.01,Referral
2023-12-18 19:10:13.648263,ORD000403,CUST00003,Books,New Customer,99.92,1,0.16,Social Media
2024-06-13 19:10:13.648263,ORD000404,CUST00004,Sports,VIP Customer,423.73,4,0.14,Direct
2024-08-25 19:10:13.648263,ORD000405,CUST00005,Home & Kitchen,Returning Customer,277.91,1,0.24,Direct
2024-02-12 19:10:13.648263,ORD000406,CUST00006,Sports,VIP Customer,59.22,4,0.25,Referral
2024-06-10 19:10:13.648263,ORD000407,CUST00007,Sports,Returning Customer,466.9,1,0.0,Direct
2023-12-25 19:10:13.648263,ORD000408,CUST00008,Home & Kitchen,VIP Customer,374.16,4,0.19,Social Media
2024-06-29 19:10:13.648263,ORD000409,CUST00009,Clothing,VIP Customer,258.51,3,0.04,Direct
2024-08-08 19:10:13.648263,ORD000410,CUST00010,Electronics,VIP Customer,307.15,2,0.08,Referral
2023-09-16 19:10:13.648263,ORD000411,CUST00011,Books,New Customer,305.78,2,0.01,Direct
2024-06-05 19:10:13.648263,ORD000412,CUST00012,Home & Kitchen,Returning Customer,149.71,1,0.07,Social Media
2023-09-22 19:10:13.648263,ORD000413,CUST00013,Toys,New Customer,411.85,2,0.04,Email
2024-02-14 19:10:13.648263,ORD000414,CUST00014,Toys,VIP Customer,327.35,3,0.27,Social Media
2023-11-05 19:10:13.648263,ORD000415,CUST00015,Toys,Returning Customer,293.8,2,0.06,Referral
2024-06-29 19:10:13.648263,ORD000416,CUST00016,Books,VIP Customer,339.2,3,0.17,Email
2024-06-20 19:10:13.648263,ORD000417,CUST00017,Clothing,New Customer,73.17,3,0.28,Email
2024-06-24 19:10:13.648263,ORD000418,CUST00018,Home & Kitchen,VIP Customer,114.3,4,0.03,Email
2023-10-10 19:10:13.648263,ORD000419,CUST00019,Toys,VIP Customer,463.93,1,0.08,Email
2024-06-02 19:10:13.648263,ORD000420,CUST00020,Clothing,Returning Customer,370.18,2,0.17,Email
2023-11-25 19:10:13.648263,ORD000421,CUST00021,Books,VIP Customer,298.58,1,0.15,Direct
2024-06-03 19:10:13.648263,ORD000422,CUST00022,Toys,Returning Customer,119.54,2,0.03,Email
2024-02-04 19:10:13.648263,ORD000423,CUST00023,Toys,VIP Customer,151.31,1,0.3,Direct
2024-05-22 19:10:13.648263,ORD000424,CUST00024,Electronics,New Customer,104.87,3,0.01,Referral
2023-09-08 19:10:13.648263,ORD000425,CUST00025,Electronics,New Customer,73.17,3,0.04,Social Media
2024-02-11 19:10:13.648263,ORD000426,CUST00026,Electronics,VIP Customer,97.42,3,0.19,Direct
2024-06-03 19:10:13.648263,ORD000427,CUST00027,Home & Kitchen,New Customer,83.79,1,0.13,Email
2024-03-04 19:10:13.648263,ORD000428,CUST00028,Clothing,New Customer,268.63,4,0.04,Email
2024-08-19 19:10:13.648263,ORD000429,CUST00029,Clothing,VIP Customer,361.7,4,0.18,Referral
2024-02-15 19:10:13.648263,ORD000430,CUST00030,Clothing,VIP Customer,417.09,1,0.24,Social Media
2024-05-01 19:10:13.648263,ORD000431,CUST00031,Electronics,Returning Customer,62.95,3,0.25,Email
2023-12-18 19:10:13.648263,ORD000432,CUST00032,Electronics,VIP Customer,56.53,1,0.08,Email
2023-12-22 19:10:13.648263,ORD000433,CUST00033,Sports,VIP Customer,133.85,2,0.07,Email
2024-04-12 19:10:13.648263,ORD000434,CUST00034,Books,Returning Customer,250.61,2,0.3,Social Media
2023-09-11 19:10:13.648263,ORD000435,CUST00035,Sports,New Customer,84.22,2,0.29,Email
2024-08-03 19:10:13.648263,ORD000436,CUST00036,Sports,VIP Customer,293.5,4,0.22,Direct
2024-03-04 19:10:13.648263,ORD000437,CUST00037,Books,VIP Customer,269.8,2,0.13,Referral
2023-11-27 19:10:13.648263,ORD000438,CUST00038,Toys,VIP Customer,172.24,4,0.28,Email
2024-04-16 19:10:13.648263,ORD000439,CUST00039,Electronics,Returning Customer,156.97,1,0.12,Email
2023-11-07 19:10:13.648263,ORD000440,CUST00040,Sports,Returning Customer,290.38,1,0.01,Email
2024-07-15 19:10:13.648263,ORD000441,CUST00041,Electronics,VIP Customer,37.61,2,0.13,Email
2024-07-07 19:10:13.648263,ORD000442,CUST00042,Books,VIP Customer,395.47,4,0.29,Referral
2023-11-14 19:10:13.648263,ORD000443,CUST00043,Sports,VIP Customer,175.92,4,0.17,Direct
2023-10-07 19:10:13.648263,ORD000444,CUST00044,Books,VIP Customer,250.53,4,0.22,Social Media
2024-04-14 19:10:13.648263,ORD000445,CUST00045,Sports,VIP Customer,416.69,4,0.29,Direct
2023-12-23 19:10:13.648263,ORD000446,CUST00046,Sports,VIP Customer,410.24,3,0.16,Email
2023-10-27 19:10:13.648263,ORD000447,CUST00047,Toys,Returning Customer,376.56,2,0.3,Email
2023-12-05 19:10:13.648263,ORD000448,CUST00048,Clothing,Returning Customer,192.28,4,0.22,Referral
2023-10-09 19:10:13.648263,ORD000449,CUST00049,Home & Kitchen,Returning Customer,115.16,4,0.29,Referral
2024-06-10 19:10:13.648263,ORD000450,CUST00050,Sports,VIP Customer,289.65,4,0.26,Email
2023-08-30 19:10:13.648263,ORD000451,CUST00051,Books,VIP Customer,466.41,3,0.23,Direct
2023-09-11 19:10:13.648263,ORD000452,CUST00052,Sports,Returning Customer,313.65,1,0.25,Social Media
2024-06-07 19:10:13.648263,ORD000453,CUST00053,Clothing,New Customer,437.58,1,0.26,Referral
2024-02-16 19:10:13.648263,ORD000454,CUST00054,Home & Kitchen,New Customer,119.17,4,0.18,Email
2024-03-31 19:10:13.648263,ORD000455,CUST00055,Sports,Returning Customer,24.93,4,0.16,Referral
2024-01-09 19:10:13.648263,ORD000456,CUST00056,Toys,Returning Customer,432.49,4,0.21,Social Media
2023-09-28 19:10:13.648263,ORD000457,CUST00057,Clothing,VIP Customer,457.63,4,0.17,Email
2023-10-23 19:10:13.648263,ORD000458,CUST00058,Electronics,New Customer,460.59,2,0.12,Referral
2023-09-29 19:10:13.648263,ORD000459,CUST00059,Electronics,Returning Customer,462.81,4,0.15,Direct
2024-04-08 19:10:13.648263,ORD000460,CUST00060,Toys,Returning Customer,364.97,1,0.26,Referral
2024-07-31 19:10:13.648263,ORD000461,CUST00061,Home & Kitchen,New Customer,79.77,2,0.21,Referral
2024-08-24 19:10:13.648263,ORD000462,CUST00062,Clothing,New Customer,374.23,1,0.11,Referral
2024-04-11 19:10:13.648263,ORD000463,CUST00063,Electronics,New Customer,367.91,3,0.03,Referral
2023-09-17 19:10:13.648263,ORD000464,CUST00064,Sports,Returning Customer,81.43,4,0.08,Referral
2024-04-18 19:10:13.648263,ORD000465,CUST00065,Clothing,VIP Customer,429.63,2,0.25,Email
2024-05-08 19:10:13.648263,ORD000466,CUST00066,Home & Kitchen,VIP Customer,438.32,4,0.06,Email
2024-06-10 19:10:13.648263,ORD000467,CUST00067,Home & Kitchen,VIP Customer,210.98,1,0.01,Referral
2023-10-11 19:10:13.648263,ORD000468,CUST00068,Sports,VIP Customer,54.1,2,0.04,Referral
2023-11-19 19:10:13.648263,ORD000469,CUST00069,Books,VIP Customer,441.11,1,0.3,Email
2024-08-19 19:10:13.648263,ORD000470,CUST00070,Clothing,VIP Customer,52.75,3,0.03,Social Media
2024-06-09 19:10:13.648263,ORD000471,CUST00071,Home & Kitchen,New Customer,209.72,1,0.01,Social Media
2024-05-29 19:10:13.648263,ORD000472,CUST00072,Electronics,Returning Customer,405.69,2,0.12,Direct
2024-06-16 19:10:13.648263,ORD000473,CUST00073,Toys,VIP Customer,55.51,2,0.12,Referral
2024-02-03 19:10:13.648263,ORD000474,CUST00074,Clothing,New Customer,301.55,4,0.02,Email
2023-11-05 19:10:13.648263,ORD000475,CUST00075,Books,VIP Customer,59.72,4,0.09,Email
2024-05-04 19:10:13.648263,ORD000476,CUST00076,Sports,VIP Customer,309.08,4,0.0,Direct
2024-01-04 19:10:13.648263,ORD000477,CUST00077,Toys,VIP Customer,453.05,1,0.26,Email
2023-10-15 19:10:13.648263,ORD000478,CUST00078,Electronics,New Customer,430.74,1,0.18,Direct
2024-07-20 19:10:13.648263,ORD000479,CUST00079,Electronics,Returning Customer,354.11,1,0.02,Referral
2024-02-20 19:10:13.648263,ORD000480,CUST00080,Books,New Customer,474.15,3,0.22,Social Media
2024-02-02 19:10:13.648263,ORD000481,CUST00081,Clothing,VIP Customer,102.07,2,0.07,Email
2023-12-12 19:10:13.648263,ORD000482,CUST00082,Home & Kitchen,VIP Customer,453.06,2,0.09,Referral
2024-05-07 19:10:13.648263,ORD000483,CUST00083,Sports,VIP Customer,423.14,3,0.29,Referral
2023-11-04 19:10:13.648263,ORD000484,CUST00084,Electronics,New Customer,256.91,1,0.04,Referral
2023-11-03 19:10:13.648263,ORD000485,CUST00085,Books,VIP Customer,166.09,3,0.08,Referral
2023-12-31 19:10:13.648263,ORD000486,CUST00086,Sports,VIP Customer,42.48,3,0.29,Referral
2024-05-20 19:10:13.648263,ORD000487,CUST00087,Books,Returning Customer,281.53,2,0.23,Email
2023-12-05 19:10:13.648263,ORD000488,CUST00088,Clothing,Returning Customer,367.49,2,0.22,Email
2024-06-25 19:10:13.648263,ORD000489,CUST00089,Toys,VIP Customer,379.99,4,0.12,Social Media
2024-07-25 19:10:13.648263,ORD000490,CUST00090,Sports,VIP Customer,460.78,1,0.28,Direct
2024-03-16 19:10:13.648263,ORD000491,CUST00091,Books,New Customer,310.74,1,0.18,Email
2023-09-21 19:10:13.648263,ORD000492,CUST00092,Books,VIP Customer,20.17,3,0.17,Direct
2023-10-22 19:10:13.648263,ORD000493,CUST00093,Sports,New Customer,188.03,3,0.12,Referral
2023-12-12 19:10:13.648263,ORD000494,CUST00094,Home & Kitchen,Returning Customer,427.64,4,0.05,Direct
2023-12-01 19:10:13.648263,ORD000495,CUST00095,Home & Kitchen,Returning Customer,338.36,2,0.12,Direct
2024-01-07 19:10:13.648263,ORD000496,CUST00096,Sports,New Customer,134.63,2,0.23,Social Media
2023-08-27 19:10:13.648263,ORD000497,CUST00097,Toys,New Customer,133.15,2,0.21,Social Media
2024-04-15 19:10:13.648263,ORD000498,CUST00098,Toys,Returning Customer,288.15,3,0.0,Social Media
2024-01-12 19:10:13.648263,ORD000499,CUST00099,Books,VIP Customer,385.25,4,0.04,Social Media
2023-11-02 19:10:13.648263,ORD000500,CUST00100,Electronics,New Customer,241.29,4,0.19,Direct
2023-09-02 19:10:13.648263,ORD000501,CUST00101,Sports,VIP Customer,469.98,1,0.26,Direct
2024-07-04 19:10:13.648263,ORD000502,CUST00102,Toys,Returning Customer,355.92,3,0.07,Social Media
2024-06-05 19:10:13.648263,ORD000503,CUST00103,Home & Kitchen,VIP Customer,389.61,2,0.06,Social Media
2023-11-22 19:10:13.648263,ORD000504,CUST00104,Books,Returning Customer,79.82,1,0.28,Social Media
2024-05-16 19:10:13.648263,ORD000505,CUST00105,Sports,VIP Customer,20.9,4,0.23,Referral
2024-04-23 19:10:13.648263,ORD000506,CUST00106,Home & Kitchen,New Customer,273.92,4,0.13,Direct
2024-03-10 19:10:13.648263,ORD000507,CUST00107,Toys,VIP Customer,215.74,2,0.23,Email
2024-01-15 19:10:13.648263,ORD000508,CUST00108,Home & Kitchen,New Customer,444.35,1,0.21,Email
2024-03-05 19:10:13.648263,ORD000509,CUST00109,Books,VIP Customer,221.77,1,0.24,Email
2024-02-24 19:10:13.648263,ORD000510,CUST00110,Sports,VIP Customer,315.12,3,0.23,Referral
2024-03-15 19:10:13.648263,ORD000511,CUST00111,Electronics,New Customer,435.44,3,0.06,Social Media
2024-04-06 19:10:13.648263,ORD000512,CUST00112,Books,Returning Customer,340.45,1,0.1,Social Media
2023-12-22 19:10:13.648263,ORD000513,CUST00113,Sports,New Customer,57.74,2,0.17,Referral
2024-04-16 19:10:13.648263,ORD000514,CUST00114,Electronics,VIP Customer,324.9,2,0.18,Direct
2023-10-06 19:10:13.648263,ORD000515,CUST00115,Home & Kitchen,Returning Customer,298.87,3,0.11,Referral
2024-03-04 19:10:13.648263,ORD000516,CUST00116,Toys,VIP Customer,77.5,4,0.09,Social Media
2023-09-20 19:10:13.648263,ORD000517,CUST00117,Books,New Customer,389.81,2,0.23,Direct
2024-06-26 19:10:13.648263,ORD000518,CUST00118,Clothing,VIP Customer,424.04,4,0.25,Email
2023-10-13 19:10:13.648263,ORD000519,CUST00119,Electronics,Returning Customer,294.66,1,0.08,Email
2024-07-10 19:10:13.648263,ORD000520,CUST00120,Home & Kitchen,Returning Customer,173.73,3,0.2,Social Media
2023-11-08 19:10:13.648263,ORD000521,CUST00121,Clothing,New Customer,437.5,3,0.02,Social Media
2024-02-20 19:10:13.648263,ORD000522,CUST00122,Toys,New Customer,304.13,2,0.04,Direct
2023-10-02 19:10:13.648263,ORD000523,CUST00123,Sports,New Customer,271.62,2,0.24,Social Media
2024-03-22 19:10:13.648263,ORD000524,CUST00124,Books,Returning Customer,224.14,1,0.19,Direct
2024-06-27 19:10:13.648263,ORD000525,CUST00125,Home & Kitchen,VIP Customer,92.81,2,0.03,Social Media
2024-04-23 19:10:13.648263,ORD000526,CUST00126,Electronics,Returning Customer,172.12,1,0.3,Social Media
2024-03-05 19:10:13.648263,ORD000527,CUST00127,Books,VIP Customer,123.42,3,0.01,Social Media
2024-05-08 19:10:13.648263,ORD000528,CUST00128,Toys,Returning Customer,347.36,2,0.13,Referral
2023-11-28 19:10:13.648263,ORD000529,CUST00129,Electronics,New Customer,314.12,2,0.01,Social Media
2024-01-07 19:10:13.648263,ORD000530,CUST00130,Clothing,New Customer,131.9,1,0.15,Social Media
2024-04-04 19:10:13.648263,ORD000531,CUST00131,Toys,New Customer,381.86,2,0.16,Email
2023-09-21 19:10:13.648263,ORD000532,CUST00132,Books,VIP Customer,423.97,4,0.17,Email
2024-07-31 19:10:13.648263,ORD000533,CUST00133,Home & Kitchen,VIP Customer,165.79,4,0.2,Direct
2023-11-11 19:10:13.648263,ORD000534,CUST00134,Electronics,VIP Customer,285.7,4,0.07,Social Media
2024-02-22 19:10:13.648263,ORD000535,CUST00135,Books,VIP Customer,363.68,3,0.03,Email
2024-07-16 19:10:13.648263,ORD000536,CUST00136,Clothing,VIP Customer,262.42,1,0.2,Referral
2023-09-25 19:10:13.648263,ORD000537,CUST00137,Books,New Customer,395.88,2,0.24,Direct
2024-06-14 19:10:13.648263,ORD000538,CUST00138,Sports,New Customer,65.55,1,0.07,Direct
2023-09-18 19:10:13.648263,ORD000539,CUST00139,Home & Kitchen,New Customer,86.33,1,0.0,Referral
2024-03-17 19:10:13.648263,ORD000540,CUST00140,Sports,New Customer,132.22,1,0.14,Referral
2024-08-03 19:10:13.648263,ORD000541,CUST00141,Electronics,New Customer,302.34,3,0.27,Email
2024-01-25 19:10:13.648263,ORD000542,CUST00142,Electronics,VIP Customer,478.61,2,0.3,Email
2024-01-08 19:10:13.648263,ORD000543,CUST00143,Toys,VIP Customer,140.15,2,0.0,Email
2024-05-11 19:10:13.648263,ORD000544,CUST00144,Electronics,VIP Customer,123.05,2,0.23,Email
2024-06-22 19:10:13.648263,ORD000545,CUST00145,Electronics,VIP Customer,147.96,3,0.1,Email
2023-12-02 19:10:13.648263,ORD000546,CUST00146,Toys,Returning Customer,181.96,3,0.25,Social Media
2023-09-10 19:10:13.648263,ORD000547,CUST00147,Toys,VIP Customer,382.63,3,0.28,Social Media
2023-09-21 19:10:13.648263,ORD000548,CUST00148,Home & Kitchen,New Customer,55.22,1,0.01,Referral
2023-12-15 19:10:13.648263,ORD000549,CUST00149,Toys,New Customer,138.62,1,0.29,Direct
2024-08-05 19:10:13.648263,ORD000550,CUST00150,Sports,Returning Customer,22.61,1,0.12,Social Media
2024-08-11 19:10:13.648263,ORD000551,CUST00151,Electronics,New Customer,475.17,4,0.03,Direct
2023-10-01 19:10:13.648263,ORD000552,CUST00152,Books,Returning Customer,303.1,2,0.2,Referral
2024-05-17 19:10:13.648263,ORD000553,CUST00153,Sports,Returning Customer,206.55,1,0.04,Referral
2024-03-08 19:10:13.648263,ORD000554,CUST00154,Electronics,VIP Customer,194.03,4,0.08,Referral
2023-11-04 19:10:13.648263,ORD000555,CUST00155,Electronics,Returning Customer,149.33,1,0.15,Direct
2024-03-06 19:10:13.648263,ORD000556,CUST00156,Books,Returning Customer,340.59,2,0.15,Referral
2023-11-25 19:10:13.648263,ORD000557,CUST00157,Home & Kitchen,New Customer,86.34,4,0.0,Email
2024-04-11 19:10:13.648263,ORD000558,CUST00158,Sports,Returning Customer,38.78,2,0.18,Social Media
2023-10-31 19:10:13.648263,ORD000559,CUST00159,Electronics,VIP Customer,184.99,1,0.05,Referral
2024-05-26 19:10:13.648263,ORD000560,CUST00160,Toys,VIP Customer,117.57,3,0.08,Referral
2024-01-25 19:10:13.648263,ORD000561,CUST00161,Electronics,New Customer,468.59,2,0.1,Social Media
2023-10-04 19:10:13.648263,ORD000562,CUST00162,Clothing,New Customer,138.62,3,0.06,Social Media
2024-04-16 19:10:13.648263,ORD000563,CUST00163,Electronics,Returning Customer,336.3,3,0.08,Direct
2024-01-04 19:10:13.648263,ORD000564,CUST00164,Clothing,New Customer,172.92,2,0.03,Direct
2024-02-10 19:10:13.648263,ORD000565,CUST00165,Toys,New Customer,450.66,3,0.15,Social Media
2024-04-25 19:10:13.648263,ORD000566,CUST00166,Home & Kitchen,New Customer,200.91,3,0.24,Direct
2024-07-14 19:10:13.648263,ORD000567,CUST00167,Clothing,New Customer,279.76,3,0.19,Referral
2023-10-26 19:10:13.648263,ORD000568,CUST00168,Books,VIP Customer,112.32,2,0.05,Email
2023-10-31 19:10:13.648263,ORD000569,CUST00169,Toys,VIP Customer,248.55,3,0.2,Social Media
2024-01-20 19:10:13.648263,ORD000570,CUST00170,Electronics,VIP Customer,136.39,3,0.26,Email
2023-12-28 19:10:13.648263,ORD000571,CUST00171,Home & Kitchen,VIP Customer,255.1,1,0.17,Direct
2023-10-23 19:10:13.648263,ORD000572,CUST00172,Toys,New Customer,101.73,1,0.06,Social Media
2024-08-25 19:10:13.648263,ORD000573,CUST00173,Clothing,VIP Customer,413.86,4,0.05,Direct
2024-02-04 19:10:13.648263,ORD000574,CUST00174,Toys,Returning Customer,65.63,1,0.0,Referral
2024-01-02 19:10:13.648263,ORD000575,CUST00175,Home & Kitchen,VIP Customer,490.78,4,0.07,Referral
2023-12-20 19:10:13.648263,ORD000576,CUST00176,Toys,New Customer,377.21,1,0.07,Direct
2024-08-22 19:10:13.648263,ORD000577,CUST00177,Sports,New Customer,497.64,2,0.05,Social Media
2023-12-23 19:10:13.648263,ORD000578,CUST00178,Toys,VIP Customer,468.42,2,0.16,Referral
2024-01-09 19:10:13.648263,ORD000579,CUST00179,Clothing,New Customer,367.12,4,0.09,Social Media
2024-05-31 19:10:13.648263,ORD000580,CUST00180,Sports,VIP Customer,293.83,1,0.09,Email
2024-01-31 19:10:13.648263,ORD000581,CUST00181,Books,VIP Customer,438.7,4,0.01,Referral
2024-05-17 19:10:13.648263,ORD000582,CUST00182,Electronics,New Customer,381.49,4,0.19,Direct
2024-04-05 19:10:13.648263,ORD000583,CUST00183,Sports,VIP Customer,301.84,1,0.27,Email
2024-03-19 19:10:13.648263,ORD000584,CUST00184,Toys,Returning Customer,458.65,3,0.24,Social Media
2023-11-13 19:10:13.648263,ORD000585,CUST00185,Toys,VIP Customer,219.04,4,0.12,Direct
2024-06-01 19:10:13.648263,ORD000586,CUST00186,Books,New Customer,456.11,4,0.1,Social Media
2024-07-30 19:10:13.648263,ORD000587,CUST00187,Home & Kitchen,New Customer,411.36,2,0.27,Direct
2023-11-27 19:10:13.648263,ORD000588,CUST00188,Electronics,New Customer,80.78,4,0.08,Email
2024-08-12 19:10:13.648263,ORD000589,CUST00189,Electronics,New Customer,216.35,3,0.07,Referral
2024-02-06 19:10:13.648263,ORD000590,CUST00190,Home & Kitchen,New Customer,468.17,1,0.19,Email
2024-01-18 19:10:13.648263,ORD000591,CUST00191,Toys,VIP Customer,160.47,4,0.16,Referral
2024-05-18 19:10:13.648263,ORD000592,CUST00192,Books,Returning Customer,352.24,2,0.29,Referral
2024-08-19 19:10:13.648263,ORD000593,CUST00193,Home & Kitchen,VIP Customer,461.84,1,0.17,Social Media
2024-03-31 19:10:13.648263,ORD000594,CUST00194,Sports,VIP Customer,177.43,1,0.29,Social Media
2024-03-02 19:10:13.648263,ORD000595,CUST00195,Electronics,New Customer,340.34,2,0.15,Direct
2024-08-23 19:10:13.648263,ORD000596,CUST00196,Electronics,Returning Customer,283.88,3,0.27,Social Media
2023-12-15 19:10:13.648263,ORD000597,CUST00197,Sports,VIP Customer,249.03,1,0.2,Referral
2023-12-14 19:10:13.648263,ORD000598,CUST00198,Books,Returning Customer,145.04,4,0.25,Direct
2023-11-15 19:10:13.648263,ORD000599,CUST00199,Toys,Returning Customer,25.4,2,0.3,Social Media
2024-07-04 19:10:13.648263,ORD000600,CUST00000,Electronics,VIP Customer,316.76,3,0.3,Email
2023-09-03 19:10:13.648263,ORD000601,CUST00001,Home & Kitchen,VIP Customer,286.14,1,0.1,Referral
2024-06-22 19:10:13.648263,ORD000602,CUST00002,Electronics,New Customer,156.71,4,0.26,Referral
2024-05-04 19:10:13.648263,ORD000603,CUST00003,Clothing,New Customer,114.8,1,0.29,Email
2023-12-05 19:10:13.648263,ORD000604,CUST00004,Electronics,VIP Customer,368.0,4,0.15,Referral
2024-03-16 19:10:13.648263,ORD000605,CUST00005,Books,New Customer,391.19,2,0.2,Social Media
2024-03-17 19:10:13.648263,ORD000606,CUST00006,Sports,New Customer,469.87,4,0.1,Direct
2024-07-29 19:10:13.648263,ORD000607,CUST00007,Home & Kitchen,Returning Customer,264.27,4,0.15,Direct
2023-10-22 19:10:13.648263,ORD000608,CUST00008,Toys,New Customer,460.24,1,0.02,Direct
2023-09-09 19:10:13.648263,ORD000609,CUST00009,Toys,VIP Customer,393.37,1,0.16,Referral
2024-01-03 19:10:13.648263,ORD000610,CUST00010,Toys,Returning Customer,451.05,1,0.24,Referral
2023-10-16 19:10:13.648263,ORD000611,CUST00011,Clothing,Returning Customer,184.47,3,0.16,Email
2024-01-07 19:10:13.648263,ORD000612,CUST00012,Books,VIP Customer,384.92,2,0.11,Social Media
2024-03-26 19:10:13.648263,ORD000613,CUST00013,Books,Returning Customer,280.65,2,0.14,Direct
2023-11-20 19:10:13.648263,ORD000614,CUST00014,Home & Kitchen,Returning Customer,458.91,3,0.13,Email
2024-06-18 19:10:13.648263,ORD000615,CUST00015,Sports,Returning Customer,289.33,4,0.1,Email
2023-09-29 19:10:13.648263,ORD000616,CUST00016,Books,New Customer,413.28,3,0.21,Direct
2024-01-19 19:10:13.648263,ORD000617,CUST00017,Electronics,VIP Customer,453.12,1,0.15,Social Media
2024-07-27 19:10:13.648263,ORD000618,CUST00018,Clothing,VIP Customer,237.82,2,0.21,Referral
2024-05-21 19:10:13.648263,ORD000619,CUST00019,Home & Kitchen,VIP Customer,134.15,2,0.01,Email
2024-05-17 19:10:13.648263,ORD000620,CUST00020,Sports,New Customer,366.57,1,0.19,Email
2024-06-11 19:10:13.648263,ORD000621,CUST00021,Books,VIP Customer,232.97,1,0.3,Direct
2023-10-29 19:10:13.648263,ORD000622,CUST00022,Toys,VIP Customer,358.33,3,0.29,Email
2024-06-23 19:10:13.648263,ORD000623,CUST00023,Home & Kitchen,Returning Customer,83.15,3,0.24,Direct
2024-05-04 19:10:13.648263,ORD000624,CUST00024,Electronics,Returning Customer,352.07,4,0.04,Social Media
2024-03-24 19:10:13.648263,ORD000625,CUST00025,Clothing,VIP Customer,177.83,4,0.12,Email
2024-07-23 19:10:13.648263,ORD000626,CUST00026,Electronics,VIP Customer,331.35,3,0.14,Email
2024-03-31 19:10:13.648263,ORD000627,CUST00027,Books,New Customer,144.49,1,0.09,Referral
2023-12-14 19:10:13.648263,ORD000628,CUST00028,Electronics,New Customer,119.6,4,0.0,Social Media
2024-05-19 19:10:13.648263,ORD000629,CUST00029,Home & Kitchen,VIP Customer,333.81,2,0.22,Email
2024-03-24 19:10:13.648263,ORD000630,CUST00030,Toys,Returning Customer,305.92,2,0.24,Direct
2023-09-24 19:10:13.648263,ORD000631,CUST00031,Books,Returning Customer,276.89,3,0.1,Email
2023-09-16 19:10:13.648263,ORD000632,CUST00032,Clothing,VIP Customer,64.12,1,0.13,Email
2024-06-03 19:10:13.648263,ORD000633,CUST00033,Toys,Returning Customer,142.76,3,0.15,Direct
2023-12-31 19:10:13.648263,ORD000634,CUST00034,Books,New Customer,103.63,3,0.15,Email
2024-06-20 19:10:13.648263,ORD000635,CUST00035,Clothing,VIP Customer,138.65,3,0.08,Referral
2024-01-26 19:10:13.648263,ORD000636,CUST00036,Clothing,Returning Customer,484.14,3,0.03,Social Media
2024-07-08 19:10:13.648263,ORD000637,CUST00037,Toys,VIP Customer,154.22,4,0.11,Email
2024-07-09 19:10:13.648263,ORD000638,CUST00038,Toys,New Customer,148.31,1,0.01,Email
2023-11-17 19:10:13.648263,ORD000639,CUST00039,Sports,VIP Customer,349.09,4,0.11,Direct
2024-04-21 19:10:13.648263,ORD000640,CUST00040,Home & Kitchen,VIP Customer,116.81,1,0.3,Social Media
2024-04-02 19:10:13.648263,ORD000641,CUST00041,Clothing,VIP Customer,312.63,2,0.24,Email
2023-08-31 19:10:13.648263,ORD000642,CUST00042,Toys,Returning Customer,490.33,4,0.18,Referral
2024-06-05 19:10:13.648263,ORD000643,CUST00043,Electronics,New Customer,331.99,1,0.1,Referral
2024-01-13 19:10:13.648263,ORD000644,CUST00044,Books,New Customer,435.2,4,0.03,Email
2023-12-16 19:10:13.648263,ORD000645,CUST00045,Clothing,Returning Customer,487.17,1,0.05,Email
2023-09-11 19:10:13.648263,ORD000646,CUST00046,Home & Kitchen,New Customer,245.74,4,0.09,Social Media
2024-03-11 19:10:13.648263,ORD000647,CUST00047,Home & Kitchen,New Customer,331.01,1,0.28,Direct
2023-10-20 19:10:13.648263,ORD000648,CUST00048,Toys,New Customer,358.89,1,0.16,Social Media
2024-02-26 19:10:13.648263,ORD000649,CUST00049,Toys,VIP Customer,149.21,1,0.07,Direct
2023-11-15 19:10:13.648263,ORD000650,CUST00050,Electronics,Returning Customer,308.27,4,0.17,Referral
2023-09-14 19:10:13.648263,ORD000651,CUST00051,Toys,Returning Customer,90.71,4,0.17,Direct
2024-05-20 19:10:13.648263,ORD000652,CUST00052,Sports,New Customer,364.71,1,0.03,Direct
2024-01-17 19:10:13.648263,ORD000653,CUST00053,Clothing,VIP Customer,306.94,3,0.15,Direct
2024-02-05 19:10:13.648263,ORD000654,CUST00054,Toys,VIP Customer,483.45,3,0.1,Social Media
2024-03-31 19:10:13.648263,ORD000655,CUST00055,Home & Kitchen,New Customer,412.93,4,0.26,Email
2024-02-27 19:10:13.648263,ORD000656,CUST00056,Electronics,VIP Customer,323.33,1,0.15,Email
2023-11-16 19:10:13.648263,ORD000657,CUST00057,Sports,New Customer,110.1,3,0.29,Email
2023-12-10 19:10:13.648263,ORD000658,CUST00058,Toys,VIP Customer,324.34,4,0.02,Social Media
2024-01-17 19:10:13.648263,ORD000659,CUST00059,Books,New Customer,286.74,4,0.14,Referral
2023-10-14 19:10:13.648263,ORD000660,CUST00060,Clothing,VIP Customer,389.6,3,0.01,Direct
2023-09-26 19:10:13.648263,ORD000661,CUST00061,Clothing,Returning Customer,298.37,2,0.13,Referral
2024-03-22 19:10:13.648263,ORD000662,CUST00062,Toys,New Customer,180.52,2,0.17,Referral
2023-09-13 19:10:13.648263,ORD000663,CUST00063,Clothing,Returning Customer,239.33,3,0.24,Social Media
2024-01-19 19:10:13.648263,ORD000664,CUST00064,Toys,Returning Customer,498.26,2,0.29,Direct
2023-09-27 19:10:13.648263,ORD000665,CUST00065,Clothing,VIP Customer,115.67,4,0.05,Direct
2024-02-26 19:10:13.648263,ORD000666,CUST00066,Electronics,New Customer,191.24,2,0.09,Social Media
2024-06-04 19:10:13.648263,ORD000667,CUST00067,Toys,VIP Customer,494.95,4,0.02,Referral
2023-10-13 19:10:13.648263,ORD000668,CUST00068,Sports,New Customer,371.49,2,0.1,Social Media
2023-10-15 19:10:13.648263,ORD000669,CUST00069,Home & Kitchen,Returning Customer,78.17,2,0.09,Direct
2024-03-18 19:10:13.648263,ORD000670,CUST00070,Clothing,VIP Customer,448.21,2,0.1,Direct
2024-02-21 19:10:13.648263,ORD000671,CUST00071,Home & Kitchen,Returning Customer,303.58,1,0.13,Social Media
2024-04-21 19:10:13.648263,ORD000672,CUST00072,Home & Kitchen,Returning Customer,333.21,4,0.26,Direct
2023-11-06 19:10:13.648263,ORD000673,CUST00073,Sports,VIP Customer,343.77,2,0.07,Referral
2024-04-07 19:10:13.648263,ORD000674,CUST00074,Electronics,Returning Customer,142.17,3,0.2,Email
2024-05-21 19:10:13.648263,ORD000675,CUST00075,Sports,Returning Customer,365.98,2,0.17,Email
2023-11-24 19:10:13.648263,ORD000676,CUST00076,Home & Kitchen,Returning Customer,340.27,2,0.08,Referral
2023-09-22 19:10:13.648263,ORD000677,CUST00077,Home & Kitchen,VIP Customer,293.21,3,0.14,Direct
2024-06-05 19:10:13.648263,ORD000678,CUST00078,Electronics,VIP Customer,168.72,4,0.27,Social Media
2023-12-23 19:10:13.648263,ORD000679,CUST00079,Toys,Returning Customer,189.69,1,0.22,Referral
2024-07-29 19:10:13.648263,ORD000680,CUST00080,Books,Returning Customer,473.72,1,0.13,Email
2023-09-28 19:10:13.648263,ORD000681,CUST00081,Sports,Returning Customer,348.02,1,0.07,Direct
2024-04-28 19:10:13.648263,ORD000682,CUST00082,Clothing,New Customer,463.2,1,0.22,Social Media
2024-01-28 19:10:13.648263,ORD000683,CUST00083,Electronics,Returning Customer,133.2,1,0.21,Referral
2024-01-01 19:10:13.648263,ORD000684,CUST00084,Toys,Returning Customer,470.59,1,0.03,Email
2023-12-22 19:10:13.648263,ORD000685,CUST00085,Electronics,New Customer,303.62,1,0.13,Referral
2024-03-30 19:10:13.648263,ORD000686,CUST00086,Electronics,VIP Customer,248.66,4,0.28,Social Media
2023-09-04 19:10:13.648263,ORD000687,CUST00087,Sports,New Customer,78.73,1,0.03,Direct
2023-12-16 19:10:13.648263,ORD000688,CUST00088,Home & Kitchen,Returning Customer,90.93,1,0.06,Social Media
2024-08-21 19:10:13.648263,ORD000689,CUST00089,Clothing,Returning Customer,494.18,4,0.05,Referral
2024-04-07 19:10:13.648263,ORD000690,CUST00090,Home & Kitchen,Returning Customer,68.66,1,0.22,Direct
2024-08-22 19:10:13.648263,ORD000691,CUST00091,Sports,New Customer,416.74,1,0.04,Direct
2024-02-04 19:10:13.648263,ORD000692,CUST00092,Books,Returning Customer,116.45,3,0.16,Email
2023-10-19 19:10:13.648263,ORD000693,CUST00093,Toys,VIP Customer,339.2,2,0.24,Social Media
2023-09-12 19:10:13.648263,ORD000694,CUST00094,Books,Returning Customer,159.81,1,0.09,Referral
2024-06-20 19:10:13.648263,ORD000695,CUST00095,Books,New Customer,89.15,3,0.22,Direct
2023-11-07 19:10:13.648263,ORD000696,CUST00096,Clothing,New Customer,180.54,4,0.28,Referral
2024-01-10 19:10:13.648263,ORD000697,CUST00097,Sports,VIP Customer,73.64,1,0.08,Email
2024-05-29 19:10:13.648263,ORD000698,CUST00098,Sports,VIP Customer,145.53,1,0.1,Email
2024-07-03 19:10:13.648263,ORD000699,CUST00099,Electronics,Returning Customer,162.81,4,0.18,Referral
2023-10-07 19:10:13.648263,ORD000700,CUST00100,Sports,New Customer,149.52,1,0.05,Social Media
2023-09-15 19:10:13.648263,ORD000701,CUST00101,Home & Kitchen,New Customer,251.49,1,0.13,Social Media
2024-08-07 19:10:13.648263,ORD000702,CUST00102,Sports,New Customer,342.05,3,0.28,Social Media
2024-07-30 19:10:13.648263,ORD000703,CUST00103,Books,New Customer,65.22,4,0.04,Direct
2024-07-09 19:10:13.648263,ORD000704,CUST00104,Sports,New Customer,161.09,4,0.13,Social Media
2024-06-21 19:10:13.648263,ORD000705,CUST00105,Clothing,Returning Customer,113.84,4,0.12,Email
2023-09-01 19:10:13.648263,ORD000706,CUST00106,Toys,New Customer,475.84,4,0.11,Direct
2024-05-06 19:10:13.648263,ORD000707,CUST00107,Toys,Returning Customer,153.56,4,0.24,Direct
2023-10-06 19:10:13.648263,ORD000708,CUST00108,Clothing,Returning Customer,423.53,1,0.24,Social Media
2024-02-07 19:10:13.648263,ORD000709,CUST00109,Clothing,New Customer,149.75,3,0.23,Direct
2023-09-04 19:10:13.648263,ORD000710,CUST00110,Books,New Customer,133.43,1,0.26,Referral
2023-11-11 19:10:13.648263,ORD000711,CUST00111,Sports,New Customer,331.48,1,0.14,Social Media
2024-03-10 19:10:13.648263,ORD000712,CUST00112,Books,Returning Customer,100.02,3,0.28,Email
2023-11-09 19:10:13.648263,ORD000713,CUST00113,Electronics,New Customer,298.54,3,0.25,Email
2024-03-04 19:10:13.648263,ORD000714,CUST00114,Books,Returning Customer,187.18,3,0.15,Referral
2023-11-29 19:10:13.648263,ORD000715,CUST00115,Electronics,New Customer,60.86,3,0.1,Social Media
2024-02-19 19:10:13.648263,ORD000716,CUST00116,Sports,New Customer,104.21,3,0.17,Direct
2024-05-19 19:10:13.648263,ORD000717,CUST00117,Electronics,Returning Customer,402.9,3,0.15,Social Media
2023-10-17 19:10:13.648263,ORD000718,CUST00118,Home & Kitchen,New Customer,23.69,4,0.29,Email
2024-05-08 19:10:13.648263,ORD000719,CUST00119,Toys,VIP Customer,291.03,2,0.01,Direct
2023-09-02 19:10:13.648263,ORD000720,CUST00120,Electronics,New Customer,372.31,1,0.08,Email
2024-03-26 19:10:13.648263,ORD000721,CUST00121,Books,Returning Customer,458.32,2,0.23,Referral
2024-04-25 19:10:13.648263,ORD000722,CUST00122,Home & Kitchen,Returning Customer,210.11,3,0.1,Email
2023-09-11 19:10:13.648263,ORD000723,CUST00123,Toys,VIP Customer,162.19,3,0.06,Referral
2023-10-28 19:10:13.648263,ORD000724,CUST00124,Toys,Returning Customer,64.02,3,0.14,Referral
2023-12-08 19:10:13.648263,ORD000725,CUST00125,Home & Kitchen,New Customer,341.25,4,0.09,Email
2024-06-10 19:10:13.648263,ORD000726,CUST00126,Clothing,VIP Customer,185.94,1,0.17,Email
2024-04-08 19:10:13.648263,ORD000727,CUST00127,Books,VIP Customer,427.78,1,0.13,Email
2023-09-15 19:10:13.648263,ORD000728,CUST00128,Electronics,New Customer,126.44,2,0.01,Social Media
2024-04-21 19:10:13.648263,ORD000729,CUST00129,Toys,New Customer,396.45,1,0.29,Direct
2023-08-30 19:10:13.648263,ORD000730,CUST00130,Sports,VIP Customer,298.93,4,0.18,Social Media
2024-01-15 19:10:13.648263,ORD000731,CUST00131,Electronics,Returning Customer,398.67,3,0.25,Email
2023-12-04 19:10:13.648263,ORD000732,CUST00132,Clothing,VIP Customer,470.25,4,0.24,Referral
2024-07-03 19:10:13.648263,ORD000733,CUST00133,Books,New Customer,251.84,3,0.25,Direct
2024-04-23 19:10:13.648263,ORD000734,CUST00134,Electronics,Returning Customer,116.36,2,0.0,Email
2024-07-07 19:10:13.648263,ORD000735,CUST00135,Home & Kitchen,New Customer,367.0,4,0.16,Social Media
2023-09-02 19:10:13.648263,ORD000736,CUST00136,Clothing,New Customer,141.64,3,0.26,Email
2024-07-08 19:10:13.648263,ORD000737,CUST00137,Toys,New Customer,399.92,4,0.21,Email
2024-04-20 19:10:13.648263,ORD000738,CUST00138,Sports,Returning Customer,140.89,2,0.18,Direct
2023-11-19 19:10:13.648263,ORD000739,CUST00139,Toys,VIP Customer,380.52,4,0.06,Email
2024-01-12 19:10:13.648263,ORD000740,CUST00140,Electronics,VIP Customer,286.36,1,0.01,Direct
2024-08-17 19:10:13.648263,ORD000741,CUST00141,Home & Kitchen,VIP Customer,242.92,2,0.02,Referral
2023-10-02 19:10:13.648263,ORD000742,CUST00142,Toys,Returning Customer,232.43,1,0.22,Referral
2023-12-20 19:10:13.648263,ORD000743,CUST00143,Sports,Returning Customer,308.88,3,0.1,Direct
2024-07-08 19:10:13.648263,ORD000744,CUST00144,Home & Kitchen,Returning Customer,461.85,2,0.2,Direct
2024-03-08 19:10:13.648263,ORD000745,CUST00145,Toys,VIP Customer,320.46,3,0.28,Referral
2023-11-03 19:10:13.648263,ORD000746,CUST00146,Home & Kitchen,Returning Customer,90.58,3,0.12,Social Media
2024-02-25 19:10:13.648263,ORD000747,CUST00147,Home & Kitchen,VIP Customer,441.19,3,0.09,Social Media
2024-02-10 19:10:13.648263,ORD000748,CUST00148,Books,VIP Customer,189.03,1,0.07,Email
2024-07-30 19:10:13.648263,ORD000749,CUST00149,Sports,Returning Customer,68.91,3,0.16,Email
2023-09-03 19:10:13.648263,ORD000750,CUST00150,Electronics,New Customer,130.44,4,0.24,Referral
2023-11-25 19:10:13.648263,ORD000751,CUST00151,Sports,New Customer,409.31,3,0.07,Referral
2024-03-07 19:10:13.648263,ORD000752,CUST00152,Clothing,New Customer,403.61,4,0.22,Referral
2023-12-26 19:10:13.648263,ORD000753,CUST00153,Electronics,New Customer,144.96,2,0.18,Social Media
2024-01-17 19:10:13.648263,ORD000754,CUST00154,Home & Kitchen,New Customer,300.01,4,0.28,Email
2023-10-23 19:10:13.648263,ORD000755,CUST00155,Clothing,VIP Customer,283.23,4,0.23,Email
2023-12-31 19:10:13.648263,ORD000756,CUST00156,Sports,VIP Customer,283.37,1,0.28,Social Media
2024-01-02 19:10:13.648263,ORD000757,CUST00157,Books,New Customer,325.7,4,0.25,Referral
2024-04-11 19:10:13.648263,ORD000758,CUST00158,Toys,Returning Customer,185.7,2,0.01,Social Media
2023-11-21 19:10:13.648263,ORD000759,CUST00159,Toys,Returning Customer,231.35,3,0.01,Email
2024-08-18 19:10:13.648263,ORD000760,CUST00160,Electronics,Returning Customer,292.52,2,0.12,Direct
2024-02-25 19:10:13.648263,ORD000761,CUST00161,Sports,Returning Customer,259.01,2,0.17,Email
2024-06-18 19:10:13.648263,ORD000762,CUST00162,Toys,VIP Customer,420.45,4,0.11,Referral
2024-04-11 19:10:13.648263,ORD000763,CUST00163,Electronics,New Customer,177.22,4,0.09,Referral
2024-07-12 19:10:13.648263,ORD000764,CUST00164,Sports,New Customer,77.43,2,0.05,Referral
2024-07-16 19:10:13.648263,ORD000765,CUST00165,Toys,Returning Customer,417.67,2,0.27,Email
2024-06-19 19:10:13.648263,ORD000766,CUST00166,Sports,Returning Customer,33.89,4,0.2,Email
2023-09-06 19:10:13.648263,ORD000767,CUST00167,Electronics,New Customer,383.0,2,0.25,Social Media
2024-03-16 19:10:13.648263,ORD000768,CUST00168,Home & Kitchen,New Customer,212.18,3,0.02,Email
2023-12-07 19:10:13.648263,ORD000769,CUST00169,Books,New Customer,239.85,1,0.14,Social Media
2023-10-21 19:10:13.648263,ORD000770,CUST00170,Home & Kitchen,VIP Customer,362.81,4,0.17,Direct
2024-07-19 19:10:13.648263,ORD000771,CUST00171,Clothing,VIP Customer,24.57,3,0.08,Email
2024-04-22 19:10:13.648263,ORD000772,CUST00172,Books,Returning Customer,381.38,1,0.06,Email
2023-09-28 19:10:13.648263,ORD000773,CUST00173,Electronics,VIP Customer,285.47,3,0.01,Direct
2024-01-13 19:10:13.648263,ORD000774,CUST00174,Toys,Returning Customer,498.32,2,0.19,Referral
2024-08-11 19:10:13.648263,ORD000775,CUST00175,Clothing,New Customer,285.82,2,0.08,Email
2024-04-06 19:10:13.648263,ORD000776,CUST00176,Sports,Returning Customer,190.93,2,0.16,Email
2024-04-11 19:10:13.648263,ORD000777,CUST00177,Clothing,VIP Customer,226.89,4,0.05,Social Media
2023-11-18 19:10:13.648263,ORD000778,CUST00178,Electronics,New Customer,78.43,4,0.16,Email
2023-11-22 19:10:13.648263,ORD000779,CUST00179,Home & Kitchen,New Customer,421.54,1,0.1,Social Media
2023-10-21 19:10:13.648263,ORD000780,CUST00180,Sports,Returning Customer,89.14,3,0.11,Social Media
2024-08-15 19:10:13.648263,ORD000781,CUST00181,Books,VIP Customer,53.59,3,0.13,Social Media
2024-07-24 19:10:13.648263,ORD000782,CUST00182,Sports,VIP Customer,205.29,1,0.11,Social Media
2023-12-25 19:10:13.648263,ORD000783,CUST00183,Clothing,VIP Customer,408.56,2,0.21,Email
2024-03-11 19:10:13.648263,ORD000784,CUST00184,Toys,VIP Customer,68.21,1,0.01,Referral
2023-11-10 19:10:13.648263,ORD000785,CUST00185,Clothing,Returning Customer,432.37,4,0.11,Direct
2023-10-16 19:10:13.648263,ORD000786,CUST00186,Home & Kitchen,Returning Customer,288.95,4,0.01,Social Media
2024-03-11 19:10:13.648263,ORD000787,CUST00187,Clothing,New Customer,395.97,2,0.24,Email
2024-06-14 19:10:13.648263,ORD000788,CUST00188,Toys,Returning Customer,328.55,1,0.02,Email
2024-07-06 19:10:13.648263,ORD000789,CUST00189,Clothing,Returning Customer,117.22,1,0.1,Social Media
2023-12-17 19:10:13.648263,ORD000790,CUST00190,Electronics,Returning Customer,221.76,1,0.18,Direct
2024-05-10 19:10:13.648263,ORD000791,CUST00191,Home & Kitchen,Returning Customer,149.84,3,0.22,Referral
2024-03-05 19:10:13.648263,ORD000792,CUST00192,Home & Kitchen,VIP Customer,108.96,2,0.03,Email
2023-10-15 19:10:13.648263,ORD000793,CUST00193,Books,VIP Customer,236.25,2,0.09,Direct
2024-08-24 19:10:13.648263,ORD000794,CUST00194,Electronics,Returning Customer,337.87,1,0.25,Referral
2024-08-17 19:10:13.648263,ORD000795,CUST00195,Toys,VIP Customer,162.99,3,0.09,Referral
2023-10-18 19:10:13.648263,ORD000796,CUST00196,Toys,Returning Customer,29.03,4,0.24,Email
2024-08-01 19:10:13.648263,ORD000797,CUST00197,Books,Returning Customer,36.51,2,0.01,Referral
2024-07-26 19:10:13.648263,ORD000798,CUST00198,Clothing,New Customer,54.06,3,0.01,Direct
2023-12-20 19:10:13.648263,ORD000799,CUST00199,Books,New Customer,315.47,2,0.18,Referral
2024-03-17 19:10:13.648263,ORD000800,CUST00000,Toys,VIP Customer,455.97,3,0.0,Direct
2024-08-07 19:10:13.648263,ORD000801,CUST00001,Sports,Returning Customer,242.07,1,0.24,Direct
2023-10-09 19:10:13.648263,ORD000802,CUST00002,Toys,Returning Customer,225.42,2,0.18,Referral
2023-12-20 19:10:13.648263,ORD000803,CUST00003,Sports,Returning Customer,61.9,3,0.2,Direct
2024-07-13 19:10:13.648263,ORD000804,CUST00004,Electronics,VIP Customer,348.67,1,0.17,Social Media
2024-05-18 19:10:13.648263,ORD000805,CUST00005,Sports,Returning Customer,498.86,1,0.19,Direct
2024-06-01 19:10:13.648263,ORD000806,CUST00006,Home & Kitchen,VIP Customer,369.13,1,0.25,Referral
2024-07-13 19:10:13.648263,ORD000807,CUST00007,Electronics,New Customer,36.41,1,0.1,Social Media
2024-01-25 19:10:13.648263,ORD000808,CUST00008,Sports,New Customer,421.06,2,0.19,Referral
2024-01-24 19:10:13.648263,ORD000809,CUST00009,Clothing,New Customer,414.96,1,0.22,Social Media
2024-02-04 19:10:13.648263,ORD000810,CUST00010,Sports,Returning Customer,296.8,4,0.11,Social Media
2024-08-01 19:10:13.648263,ORD000811,CUST00011,Electronics,New Customer,89.75,3,0.3,Direct
2024-07-18 19:10:13.648263,ORD000812,CUST00012,Clothing,New Customer,396.14,2,0.14,Direct
2024-08-01 19:10:13.648263,ORD000813,CUST00013,Toys,VIP Customer,62.34,1,0.25,Social Media
2023-12-04 19:10:13.648263,ORD000814,CUST00014,Home & Kitchen,Returning Customer,460.89,3,0.14,Direct
2024-06-06 19:10:13.648263,ORD000815,CUST00015,Sports,Returning Customer,350.42,3,0.14,Email
2023-10-04 19:10:13.648263,ORD000816,CUST00016,Books,VIP Customer,86.34,3,0.19,Direct
2023-11-02 19:10:13.648263,ORD000817,CUST00017,Books,Returning Customer,453.39,1,0.17,Referral
2024-05-31 19:10:13.648263,ORD000818,CUST00018,Clothing,New Customer,225.62,2,0.04,Email
2024-04-06 19:10:13.648263,ORD000819,CUST00019,Sports,New Customer,379.7,1,0.18,Direct
2023-12-02 19:10:13.648263,ORD000820,CUST00020,Books,VIP Customer,422.57,2,0.04,Referral
2024-03-20 19:10:13.648263,ORD000821,CUST00021,Electronics,VIP Customer,209.36,3,0.22,Social Media
2023-11-19 19:10:13.648263,ORD000822,CUST00022,Home & Kitchen,VIP Customer,310.47,4,0.16,Direct
2023-11-19 19:10:13.648263,ORD000823,CUST00023,Home & Kitchen,VIP Customer,306.09,4,0.22,Referral
2024-05-03 19:10:13.648263,ORD000824,CUST00024,Books,VIP Customer,25.84,1,0.02,Direct
2024-01-05 19:10:13.648263,ORD000825,CUST00025,Clothing,VIP Customer,352.92,3,0.09,Email
2024-05-04 19:10:13.648263,ORD000826,CUST00026,Electronics,VIP Customer,50.56,4,0.29,Social Media
2024-02-16 19:10:13.648263,ORD000827,CUST00027,Sports,VIP Customer,94.15,1,0.14,Social Media
2024-02-26 19:10:13.648263,ORD000828,CUST00028,Clothing,Returning Customer,97.82,1,0.07,Email
2024-04-03 19:10:13.648263,ORD000829,CUST00029,Sports,New Customer,493.98,1,0.27,Email
2024-05-12 19:10:13.648263,ORD000830,CUST00030,Books,VIP Customer,320.65,4,0.06,Email
2024-01-10 19:10:13.648263,ORD000831,CUST00031,Home & Kitchen,VIP Customer,147.43,4,0.15,Referral
2024-07-03 19:10:13.648263,ORD000832,CUST00032,Home & Kitchen,New Customer,478.38,1,0.3,Direct
2024-02-22 19:10:13.648263,ORD000833,CUST00033,Books,New Customer,53.42,1,0.09,Referral
2023-10-16 19:10:13.648263,ORD000834,CUST00034,Clothing,Returning Customer,132.6,2,0.26,Direct
2023-11-05 19:10:13.648263,ORD000835,CUST00035,Books,New Customer,454.46,2,0.18,Social Media
2023-09-07 19:10:13.648263,ORD000836,CUST00036,Toys,Returning Customer,158.65,3,0.08,Social Media
2024-06-01 19:10:13.648263,ORD000837,CUST00037,Sports,VIP Customer,498.86,3,0.16,Direct
2023-09-01 19:10:13.648263,ORD000838,CUST00038,Home & Kitchen,New Customer,38.16,3,0.17,Referral
2023-12-03 19:10:13.648263,ORD000839,CUST00039,Clothing,New Customer,393.43,4,0.22,Direct
2024-01-24 19:10:13.648263,ORD000840,CUST00040,Electronics,New Customer,333.24,2,0.27,Referral
2024-05-23 19:10:13.648263,ORD000841,CUST00041,Toys,New Customer,258.52,4,0.29,Direct
2024-08-21 19:10:13.648263,ORD000842,CUST00042,Clothing,VIP Customer,157.42,4,0.18,Social Media
2024-05-29 19:10:13.648263,ORD000843,CUST00043,Clothing,Returning Customer,373.99,1,0.22,Email
2023-09-20 19:10:13.648263,ORD000844,CUST00044,Home & Kitchen,New Customer,24.59,1,0.22,Referral
2024-07-30 19:10:13.648263,ORD000845,CUST00045,Sports,VIP Customer,163.19,1,0.27,Social Media
2024-08-20 19:10:13.648263,ORD000846,CUST00046,Toys,VIP Customer,178.53,2,0.26,Email
2024-07-08 19:10:13.648263,ORD000847,CUST00047,Electronics,New Customer,496.28,4,0.25,Direct
2024-02-21 19:10:13.648263,ORD000848,CUST00048,Home & Kitchen,New Customer,448.1,1,0.01,Referral
2023-12-23 19:10:13.648263,ORD000849,CUST00049,Home & Kitchen,Returning Customer,393.53,4,0.03,Direct
2024-02-10 19:10:13.648263,ORD000850,CUST00050,Electronics,Returning Customer,371.37,1,0.04,Email
2023-11-25 19:10:13.648263,ORD000851,CUST00051,Sports,New Customer,158.88,2,0.03,Direct
2024-01-21 19:10:13.648263,ORD000852,CUST00052,Toys,New Customer,258.83,2,0.15,Direct
2023-09-11 19:10:13.648263,ORD000853,CUST00053,Clothing,New Customer,243.53,3,0.0,Direct
2024-05-21 19:10:13.648263,ORD000854,CUST00054,Sports,Returning Customer,82.38,2,0.1,Social Media
2024-01-12 19:10:13.648263,ORD000855,CUST00055,Sports,Returning Customer,434.5,1,0.01,Social Media
2023-12-19 19:10:13.648263,ORD000856,CUST00056,Toys,New Customer,372.2,2,0.23,Social Media
2024-04-06 19:10:13.648263,ORD000857,CUST00057,Books,VIP Customer,55.28,3,0.25,Email
2024-05-24 19:10:13.648263,ORD000858,CUST00058,Electronics,New Customer,96.56,4,0.19,Referral
2024-03-30 19:10:13.648263,ORD000859,CUST00059,Clothing,New Customer,483.4,4,0.19,Email
2024-03-05 19:10:13.648263,ORD000860,CUST00060,Electronics,VIP Customer,282.88,4,0.18,Email
2024-07-11 19:10:13.648263,ORD000861,CUST00061,Clothing,Returning Customer,435.51,2,0.2,Direct
2024-06-09 19:10:13.648263,ORD000862,CUST00062,Electronics,VIP Customer,125.33,2,0.2,Email
2024-03-04 19:10:13.648263,ORD000863,CUST00063,Clothing,VIP Customer,126.82,3,0.2,Email
2024-02-07 19:10:13.648263,ORD000864,CUST00064,Clothing,VIP Customer,92.97,3,0.06,Email
2024-06-23 19:10:13.648263,ORD000865,CUST00065,Books,Returning Customer,102.47,2,0.06,Direct
2023-09-11 19:10:13.648263,ORD000866,CUST00066,Electronics,Returning Customer,121.63,2,0.18,Referral
2024-08-24 19:10:13.648263,ORD000867,CUST00067,Clothing,VIP Customer,494.84,2,0.28,Referral
2024-03-03 19:10:13.648263,ORD000868,CUST00068,Home & Kitchen,New Customer,448.39,2,0.17,Email
2024-01-18 19:10:13.648263,ORD000869,CUST00069,Home & Kitchen,New Customer,109.88,3,0.15,Email
2024-05-21 19:10:13.648263,ORD000870,CUST00070,Books,Returning Customer,138.6,2,0.15,Direct
2024-03-17 19:10:13.648263,ORD000871,CUST00071,Electronics,VIP Customer,315.8,3,0.25,Social Media
2024-03-02 19:10:13.648263,ORD000872,CUST00072,Clothing,VIP Customer,125.92,3,0.11,Direct
2024-04-13 19:10:13.648263,ORD000873,CUST00073,Sports,VIP Customer,450.25,4,0.07,Email
2023-09-13 19:10:13.648263,ORD000874,CUST00074,Home & Kitchen,New Customer,177.69,2,0.21,Email
2023-12-11 19:10:13.648263,ORD000875,CUST00075,Home & Kitchen,New Customer,248.25,1,0.09,Email
2024-01-19 19:10:13.648263,ORD000876,CUST00076,Electronics,Returning Customer,339.63,1,0.16,Social Media
2023-12-16 19:10:13.648263,ORD000877,CUST00077,Home & Kitchen,VIP Customer,156.0,4,0.1,Social Media
2024-06-24 19:10:13.648263,ORD000878,CUST00078,Clothing,VIP Customer,241.06,2,0.26,Direct
2024-02-11 19:10:13.648263,ORD000879,CUST00079,Electronics,New Customer,181.77,4,0.2,Social Media
2024-01-28 19:10:13.648263,ORD000880,CUST00080,Toys,New Customer,492.17,4,0.23,Referral
2024-04-06 19:10:13.648263,ORD000881,CUST00081,Sports,Returning Customer,181.59,4,0.04,Email
2023-09-15 19:10:13.648263,ORD000882,CUST00082,Clothing,Returning Customer,44.49,2,0.22,Referral
2024-03-02 19:10:13.648263,ORD000883,CUST00083,Toys,VIP Customer,170.83,1,0.09,Social Media
2023-10-17 19:10:13.648263,ORD000884,CUST00084,Home & Kitchen,New Customer,308.8,2,0.3,Email
2024-06-24 19:10:13.648263,ORD000885,CUST00085,Clothing,Returning Customer,212.02,2,0.2,Social Media
2024-02-07 19:10:13.648263,ORD000886,CUST00086,Sports,Returning Customer,267.08,3,0.07,Direct
2024-05-16 19:10:13.648263,ORD000887,CUST00087,Sports,New Customer,491.34,4,0.03,Direct
2023-10-07 19:10:13.648263,ORD000888,CUST00088,Books,VIP Customer,34.66,1,0.25,Referral
2024-06-06 19:10:13.648263,ORD000889,CUST00089,Electronics,Returning Customer,25.04,4,0.27,Referral
2024-08-03 19:10:13.648263,ORD000890,CUST00090,Books,Returning Customer,105.2,1,0.2,Referral
2024-05-07 19:10:13.648263,ORD000891,CUST00091,Sports,VIP Customer,475.25,2,0.3,Email
2023-10-15 19:10:13.648263,ORD000892,CUST00092,Home & Kitchen,New Customer,398.61,3,0.16,Social Media
2024-01-24 19:10:13.648263,ORD000893,CUST00093,Toys,VIP Customer,124.44,3,0.24,Referral
2024-02-07 19:10:13.648263,ORD000894,CUST00094,Toys,Returning Customer,86.41,1,0.23,Referral
2023-10-31 19:10:13.648263,ORD000895,CUST00095,Sports,Returning Customer,489.34,3,0.09,Referral
2024-03-29 19:10:13.648263,ORD000896,CUST00096,Electronics,New Customer,468.22,3,0.18,Direct
2024-05-13 19:10:13.648263,ORD000897,CUST00097,Books,Returning Customer,289.75,1,0.1,Email
2023-11-08 19:10:13.648263,ORD000898,CUST00098,Clothing,VIP Customer,43.62,3,0.03,Direct
2024-02-08 19:10:13.648263,ORD000899,CUST00099,Home & Kitchen,Returning Customer,73.41,3,0.25,Social Media
2023-11-26 19:10:13.648263,ORD000900,CUST00100,Sports,Returning Customer,404.66,2,0.09,Social Media
2024-05-05 19:10:13.648263,ORD000901,CUST00101,Home & Kitchen,New Customer,242.81,2,0.08,Social Media
2024-07-23 19:10:13.648263,ORD000902,CUST00102,Electronics,VIP Customer,257.24,1,0.14,Social Media
2024-06-12 19:10:13.648263,ORD000903,CUST00103,Electronics,Returning Customer,240.54,1,0.04,Direct
2024-05-15 19:10:13.648263,ORD000904,CUST00104,Books,New Customer,198.06,4,0.11,Email
2023-10-11 19:10:13.648263,ORD000905,CUST00105,Books,VIP Customer,487.87,2,0.01,Email
2023-10-07 19:10:13.648263,ORD000906,CUST00106,Clothing,Returning Customer,307.99,1,0.24,Social Media
2024-02-07 19:10:13.648263,ORD000907,CUST00107,Sports,Returning Customer,330.37,3,0.09,Email
2024-01-06 19:10:13.648263,ORD000908,CUST00108,Clothing,Returning Customer,180.44,1,0.1,Email
2024-03-05 19:10:13.648263,ORD000909,CUST00109,Electronics,VIP Customer,343.45,4,0.17,Email
2024-01-14 19:10:13.648263,ORD000910,CUST00110,Books,VIP Customer,104.65,3,0.25,Direct
2024-06-10 19:10:13.648263,ORD000911,CUST00111,Home & Kitchen,Returning Customer,195.61,3,0.29,Direct
2024-02-29 19:10:13.648263,ORD000912,CUST00112,Toys,New Customer,114.44,3,0.01,Social Media
2024-08-07 19:10:13.648263,ORD000913,CUST00113,Electronics,New Customer,322.84,1,0.07,Referral
2024-01-12 19:10:13.648263,ORD000914,CUST00114,Books,New Customer,283.98,2,0.06,Referral
2024-01-12 19:10:13.648263,ORD000915,CUST00115,Clothing,VIP Customer,102.42,2,0.16,Referral
2024-06-02 19:10:13.648263,ORD000916,CUST00116,Clothing,VIP Customer,274.55,2,0.06,Social Media
2024-07-24 19:10:13.648263,ORD000917,CUST00117,Books,New Customer,154.42,1,0.09,Social Media
2024-03-20 19:10:13.648263,ORD000918,CUST00118,Sports,New Customer,389.18,4,0.11,Direct
2024-04-23 19:10:13.648263,ORD000919,CUST00119,Sports,VIP Customer,485.4,4,0.26,Direct
2023-10-20 19:10:13.648263,ORD000920,CUST00120,Home & Kitchen,New Customer,69.77,1,0.27,Social Media
2024-07-09 19:10:13.648263,ORD000921,CUST00121,Electronics,New Customer,386.46,1,0.3,Email
2023-10-31 19:10:13.648263,ORD000922,CUST00122,Sports,VIP Customer,99.93,1,0.28,Referral
2024-05-12 19:10:13.648263,ORD000923,CUST00123,Home & Kitchen,Returning Customer,235.63,2,0.2,Social Media
2024-01-27 19:10:13.648263,ORD000924,CUST00124,Home & Kitchen,Returning Customer,477.61,2,0.19,Direct
2023-12-17 19:10:13.648263,ORD000925,CUST00125,Clothing,VIP Customer,426.44,2,0.25,Email
2024-06-02 19:10:13.648263,ORD000926,CUST00126,Home & Kitchen,New Customer,290.05,3,0.24,Social Media
2024-02-05 19:10:13.648263,ORD000927,CUST00127,Sports,Returning Customer,227.07,1,0.01,Social Media
2024-04-11 19:10:13.648263,ORD000928,CUST00128,Sports,VIP Customer,149.35,2,0.01,Referral
2023-10-08 19:10:13.648263,ORD000929,CUST00129,Electronics,Returning Customer,129.45,3,0.07,Direct
2023-10-14 19:10:13.648263,ORD000930,CUST00130,Toys,Returning Customer,323.49,4,0.06,Direct
2023-11-09 19:10:13.648263,ORD000931,CUST00131,Home & Kitchen,New Customer,186.18,1,0.18,Social Media
2024-04-10 19:10:13.648263,ORD000932,CUST00132,Sports,Returning Customer,422.88,1,0.04,Direct
2023-11-27 19:10:13.648263,ORD000933,CUST00133,Toys,VIP Customer,230.4,2,0.11,Direct
2024-02-10 19:10:13.648263,ORD000934,CUST00134,Clothing,Returning Customer,306.28,1,0.26,Direct
2024-07-04 19:10:13.648263,ORD000935,CUST00135,Toys,New Customer,424.42,3,0.22,Referral
2024-03-12 19:10:13.648263,ORD000936,CUST00136,Sports,VIP Customer,334.28,1,0.27,Direct
2023-08-29 19:10:13.648263,ORD000937,CUST00137,Home & Kitchen,VIP Customer,176.76,3,0.21,Email
2024-07-14 19:10:13.648263,ORD000938,CUST00138,Sports,New Customer,422.91,2,0.14,Email
2023-11-21 19:10:13.648263,ORD000939,CUST00139,Electronics,New Customer,303.85,1,0.01,Referral
2024-03-28 19:10:13.648263,ORD000940,CUST00140,Books,Returning Customer,423.53,3,0.06,Direct
2024-02-16 19:10:13.648263,ORD000941,CUST00141,Electronics,VIP Customer,390.36,1,0.19,Direct
2024-01-23 19:10:13.648263,ORD000942,CUST00142,Clothing,VIP Customer,339.53,3,0.21,Direct
2023-09-24 19:10:13.648263,ORD000943,CUST00143,Home & Kitchen,Returning Customer,490.02,3,0.16,Direct
2024-04-02 19:10:13.648263,ORD000944,CUST00144,Sports,New Customer,258.18,4,0.2,Social Media
2023-11-24 19:10:13.648263,ORD000945,CUST00145,Sports,Returning Customer,219.73,4,0.22,Social Media
2024-03-13 19:10:13.648263,ORD000946,CUST00146,Electronics,VIP Customer,159.45,1,0.17,Direct
2024-04-09 19:10:13.648263,ORD000947,CUST00147,Sports,Returning Customer,133.9,3,0.25,Social Media
2024-03-17 19:10:13.648263,ORD000948,CUST00148,Toys,VIP Customer,58.32,3,0.12,Direct
2024-06-23 19:10:13.648263,ORD000949,CUST00149,Electronics,VIP Customer,135.82,3,0.05,Referral
2023-09-13 19:10:13.648263,ORD000950,CUST00150,Home & Kitchen,VIP Customer,186.56,2,0.17,Referral
2023-10-20 19:10:13.648263,ORD000951,CUST00151,Sports,Returning Customer,445.53,4,0.14,Email
2024-04-21 19:10:13.648263,ORD000952,CUST00152,Home & Kitchen,New Customer,362.64,3,0.26,Referral
2023-09-09 19:10:13.648263,ORD000953,CUST00153,Books,New Customer,270.43,3,0.24,Direct
2024-07-03 19:10:13.648263,ORD000954,CUST00154,Toys,New Customer,379.6,2,0.05,Referral
2024-04-26 19:10:13.648263,ORD000955,CUST00155,Toys,Returning Customer,38.19,3,0.09,Social Media
2024-06-27 19:10:13.648263,ORD000956,CUST00156,Electronics,VIP Customer,300.19,2,0.06,Direct
2023-12-13 19:10:13.648263,ORD000957,CUST00157,Clothing,VIP Customer,277.65,3,0.24,Referral
2024-07-27 19:10:13.648263,ORD000958,CUST00158,Home & Kitchen,New Customer,304.3,2,0.02,Direct
2023-09-13 19:10:13.648263,ORD000959,CUST00159,Books,VIP Customer,205.82,1,0.07,Email
2024-01-26 19:10:13.648263,ORD000960,CUST00160,Electronics,New Customer,231.02,4,0.1,Social Media
2023-10-31 19:10:13.648263,ORD000961,CUST00161,Toys,New Customer,235.86,2,0.27,Referral
2024-04-28 19:10:13.648263,ORD000962,CUST00162,Sports,Returning Customer,319.92,1,0.16,Social Media
2024-04-06 19:10:13.648263,ORD000963,CUST00163,Clothing,Returning Customer,84.98,2,0.25,Social Media
2024-05-05 19:10:13.648263,ORD000964,CUST00164,Books,VIP Customer,31.38,4,0.04,Referral
2024-03-31 19:10:13.648263,ORD000965,CUST00165,Home & Kitchen,New Customer,310.29,1,0.18,Direct
2024-06-09 19:10:13.648263,ORD000966,CUST00166,Electronics,New Customer,333.15,1,0.17,Social Media
2023-10-30 19:10:13.648263,ORD000967,CUST00167,Electronics,VIP Customer,209.99,1,0.23,Social Media
2024-02-09 19:10:13.648263,ORD000968,CUST00168,Clothing,Returning Customer,483.49,3,0.13,Social Media
2024-03-25 19:10:13.648263,ORD000969,CUST00169,Sports,New Customer,432.0,4,0.11,Referral
2024-07-31 19:10:13.648263,ORD000970,CUST00170,Sports,VIP Customer,21.01,1,0.21,Direct
2023-09-29 19:10:13.648263,ORD000971,CUST00171,Home & Kitchen,VIP Customer,262.43,2,0.08,Email
2023-12-14 19:10:13.648263,ORD000972,CUST00172,Books,VIP Customer,281.82,4,0.23,Direct
2024-01-08 19:10:13.648263,ORD000973,CUST00173,Sports,New Customer,53.51,3,0.3,Referral
2024-01-12 19:10:13.648263,ORD000974,CUST00174,Home & Kitchen,New Customer,331.26,3,0.26,Social Media
2023-09-20 19:10:13.648263,ORD000975,CUST00175,Home & Kitchen,Returning Customer,86.49,3,0.23,Email
2024-01-29 19:10:13.648263,ORD000976,CUST00176,Toys,Returning Customer,201.79,3,0.25,Direct
2024-03-14 19:10:13.648263,ORD000977,CUST00177,Clothing,Returning Customer,465.45,2,0.01,Referral
2023-12-11 19:10:13.648263,ORD000978,CUST00178,Electronics,New Customer,94.47,1,0.07,Social Media
2023-10-15 19:10:13.648263,ORD000979,CUST00179,Clothing,Returning Customer,402.05,3,0.12,Social Media
2024-05-06 19:10:13.648263,ORD000980,CUST00180,Sports,New Customer,455.85,3,0.25,Referral
2023-12-05 19:10:13.648263,ORD000981,CUST00181,Electronics,New Customer,56.58,3,0.04,Referral
2024-03-06 19:10:13.648263,ORD000982,CUST00182,Toys,VIP Customer,75.58,2,0.0,Email
2024-03-05 19:10:13.648263,ORD000983,CUST00183,Books,Returning Customer,371.65,1,0.09,Email
2024-05-06 19:10:13.648263,ORD000984,CUST00184,Books,VIP Customer,66.9,3,0.3,Direct
2024-04-06 19:10:13.648263,ORD000985,CUST00185,Sports,VIP Customer,301.56,3,0.04,Direct
2023-10-05 19:10:13.648263,ORD000986,CUST00186,Books,VIP Customer,137.98,4,0.13,Direct
2024-05-19 19:10:13.648263,ORD000987,CUST00187,Home & Kitchen,Returning Customer,174.96,1,0.22,Direct
2024-04-12 19:10:13.648263,ORD000988,CUST00188,Toys,VIP Customer,397.3,2,0.22,Email
2024-08-21 19:10:13.648263,ORD000989,CUST00189,Electronics,Returning Customer,192.54,4,0.23,Social Media
2024-02-19 19:10:13.648263,ORD000990,CUST00190,Books,Returning Customer,361.7,4,0.29,Direct
2024-05-04 19:10:13.648263,ORD000991,CUST00191,Books,Returning Customer,219.83,4,0.12,Email
2024-08-01 19:10:13.648263,ORD000992,CUST00192,Sports,Returning Customer,339.27,4,0.24,Email
2024-08-20 19:10:13.648263,ORD000993,CUST00193,Electronics,New Customer,486.53,4,0.09,Referral
2023-12-09 19:10:13.648263,ORD000994,CUST00194,Electronics,VIP Customer,425.96,2,0.19,Social Media
2024-04-05 19:10:13.648263,ORD000995,CUST00195,Clothing,VIP Customer,178.59,2,0.02,Referral
2023-12-20 19:10:13.648263,ORD000996,CUST00196,Sports,VIP Customer,63.36,2,0.19,Email
2024-03-05 19:10:13.648263,ORD000997,CUST00197,Electronics,VIP Customer,89.07,1,0.12,Email
2024-08-24 19:10:13.648263,ORD000998,CUST00198,Electronics,Returning Customer,312.85,1,0.27,Email
2024-01-03 19:10:13.648263,ORD000999,CUST00199,Clothing,New Customer,235.48,4,0.1,Referral
